F3 04 00 34 00 2B,,,,,,,,,,,,,,,,,,,,,,,,,,,,,,,,,,,,,,
3F 04 01 34 00 78,,,,,,,,,,,,,,,,,,,,,,,,,,,,,,,,,,,,,,
F3 04 00 35 00 2C,,,,,,,,,,,,,,,,,,,,,,,,,,,,,,,,,,,,,,
3F 04 01 35 00 79,,,,,,,,,,,,,,,,,,,,,,,,,,,,,,,,,,,,,,
4E 0C 00 01 37 C7 69 1D 0C E1 1D 04 02 EF,,,,,,,,,,,,,,,,,,,,,,,,,,,,,,,,,,,,,,
F3 04 00 36 00 2D,,,,,,,,,,,,,,,,,,,,,,,,,,,,,,,,,,,,,,
3F 04 01 36 00 7A,,,,,,,,,,,,,,,,,,,,,,,,,,,,,,,,,,,,,,
E4 04 01 01 00 EA,,,,,,,,,,,,,,,,,,,,,,,,,,,,,,,,,,,,,,
D3 24 20 17 20 0E,20,F3,4,0,37,0,2E,,,,,,,,,,,,,,,,,,,,,,#VALUE!,,,,,,,,,
1F 24 21 17 20 5B,20,3F,4,1,37,0,7B,,,,,,,,,,,,,,,,,,,,,,0,0,,,,,,,,
D3 24 20 18 20 0F,20,F3,4,0,38,0,2F,,,,,,,,,,,,,,,,,,,,,,0,0,,,,,,,,
1F 24 21 18 20 5C,20,3F,4,1,38,0,7C,,,,,,,,,,,,,,,,,,,,,,0,0,,,,,,,,
D3 24 20 19 20 10,20,F3,4,0,39,0,30,,,,,,,,,,,,,,,,,,,,,,0,0,,,,,,,,
1F 24 21 19 20 5D,20,3F,4,1,39,0,7D,,,,,,,,,,,,,,,,,,,,,,0,0,,,,,,,,
D3 24 20 1A 20 11,20,F3,4,0,3A,0,31,,,,,,,,,,,,,,,,,,,,,,0,0,,,,,,,,
1F 24 21 1A 20 5E,20,3F,4,1,3A,0,7E,,,,,,,,,,,,,,,,,,,,,,0,0,,,,,,,,
D3 24 20 1B 20 12,20,F3,4,0,3B,0,32,,,,,,,,,,,,,,,,,,,,,,0,0,,,,,,,,
1F 24 21 1B 20 5F,20,3F,4,1,3B,0,7F,,,,,,,,,,,,,,,,,,,,,,0,0,,,,,,,,
D3 24 20 1C 20 13,20,F3,4,0,3C,0,33,,,,,,,,,,,,,,,,,,,,,,0,0,,,,,,,,
1F 24 21 1C 20 A0,20,3F,4,1,3C,0,80,,,,,,,,,,,,,,,,,,,,,,0,0,,,,,,,,
D3 24 20 1D 20 14,20,F3,4,0,3D,0,34,,,,,,,,,,,,,,,,,,,,,,0,0,,,,,,,,
1F 24 21 1D 20 A1,20,3F,4,1,3D,0,81,,,,,,,,,,,,,,,,,,,,,,0,0,,,,,,,,
D3 24 20 1E 20 15,20,F3,4,0,3E,0,35,,,,,,,,,,,,,,,,,,,,,,0,0,,,,,,,,
1F 24 21 1E 20 A2,20,3F,4,1,3E,0,82,,,,,,,,,,,,,,,,,,,,,,0,0,,,,,,,,
D3 24 20 1F 20 16,20,F3,4,0,3F,0,36,,,,,,,,,,,,,,,,,,,,,,0,0,,,,,,,,
1F 24 21 1F 20 A3,20,3F,4,1,3F,0,83,,,,,,,,,,,,,,,,,,,,,,0,0,,,,,,,,
4F 26 20 23 21 31 43 CD,20,6F,6,0,3,1,11,63,ED,,,,,,,,,,,,,,,,,,,,0,0,,,,,,,,
D6 24 21 23 20 DE,20,F6,4,1,3,0,FE,,,,,,,,,,,,,,,,,,,,,,0,0,,,,,,,,
4A BD B9 F9 B9 8E,B9,F3,4,0,40,0,37,,,,,,,,,,,,,,,,,,,,,,99,99,,,,,,,,
86 BD B8 F9 B9 3D,B9,3F,4,1,40,0,84,,,,,,,,,,,,,,,,,,,,,,0,0,,,,,,,,
4A BD B9 F8 B9 81,B9,F3,4,0,41,0,38,,,,,,,,,,,,,,,,,,,,,,0,0,,,,,,,,
86 BD B8 F8 B9 3C,B9,3F,4,1,41,0,85,,,,,,,,,,,,,,,,,,,,,,0,0,,,,,,,,
D6 AE B9 AC B9 F3 F4 F8 E1 FD FE FE 8B EE FE E3 89 89 8B 89 8A 8C B8 B8 4A,B9,6F,17,0,15,0,4A,4D,41,58,44,47,47,32,57,47,5A,30,30,32,30,33,35,1,1,F3,,,0,0,,,,,,,,
4A BD B9 FB B9 80,B9,F3,4,0,42,0,39,,,,,,,,,,,,,,,,,,,,,,0,0,,,,,,,,
4A BD B9 FA B9 83,B9,F3,4,0,43,0,3A,,,,,,,,,,,,,,,,,,,,,,0,0,,,,,,,,
BA 81 84 C6 85 02,85,3F,4,1,43,0,87,,,,,,,,,,,,,,,,,,,,,,34,3C,,,,,,,,
4A BD B9 FD B9 82,B9,F3,4,0,44,0,3B,,,,,,,,,,,,,,,,,,,,,,34,3C,,,,,,,,
4A BD B9 FC B9 85,B9,F3,4,0,45,0,3C,,,,,,,,,,,,,,,,,,,,,,0,0,,,,,,,,
EA 95 85 45 B5 B5 B6 B5 B5 B5 B5 B5 B5 B5 84 85 85 A6,85,6F,10,0,C0,30,30,33,30,30,30,30,30,30,30,1,0,0,23,,,,,,,,,,34,3C,,,,,,,,
4C 77 72 37 73 FB,73,3F,4,1,44,0,88,,,,,,,,,,,,,,,,,,,,,,12,F6,,,,,,,,
4C 77 72 36 73 FA,73,3F,4,1,45,0,89,,,,,,,,,,,,,,,,,,,,,,0,0,,,,,,,,
4A BD B9 F0 B9 F9,B9,F3,4,0,49,0,40,,,,,,,,,,,,,,,,,,,,,,46,CA,,,,,,,,
4C 77 72 3A 73 FE,73,3F,4,1,49,0,8D,,,,,,,,,,,,,,,,,,,,,,46,CA,,,,,,,,
4F BD B8 AC B9 A9,B9,F6,4,1,15,0,10,,,,,,,,,,,,,,,,,,,,,,46,CA,,,,,,,,
76 81 85 CF 85 C4,85,F3,4,0,4A,0,41,,,,,,,,,,,,,,,,,,,,,,34,3C,,,,,,,,
1C 75 73 70 72 62 10 9E,73,6F,6,0,3,1,11,63,ED,,,,,,,,,,,,,,,,,,,,12,F6,,,,,,,,
E9 D2 D7 9C D6 58,D6,3F,4,1,4A,0,8E,,,,,,,,,,,,,,,,,,,,,,63,A5,,,,,,,,
76 81 85 CE 85 C7,85,F3,4,0,4B,0,42,,,,,,,,,,,,,,,,,,,,,,51,53,,,,,,,,
73 81 84 45 85 3E,85,F6,4,1,C0,0,BB,,,,,,,,,,,,,,,,,,,,,,0,0,,,,,,,,
E9 D2 D7 9D D6 59,D6,3F,4,1,4B,0,8F,,,,,,,,,,,,,,,,,,,,,,51,53,,,,,,,,
25 D2 D6 9A D6 95,D6,F3,4,0,4C,0,43,,,,,,,,,,,,,,,,,,,,,,0,0,,,,,,,,
6D D2 D7 76 A5 05,D6,BB,4,1,A0,73,D3,,,,,,,,,,,,,,,,,,,,,,0,0,,,,,,,,
25 D2 D6 9B D6 92,D6,F3,4,0,4D,0,44,,,,,,,,,,,,,,,,,,,,,,0,0,,,,,,,,
1A D2 D7 80 A5 4C,D6,CC,4,1,56,73,9A,,,,,,,,,,,,,,,,,,,,,,0,0,,,,,,,,
6D D2 D7 77 00 E1,D6,BB,4,1,A1,D6,37,,,,,,,,,,,,,,,,,,,,,,0,0,,,,,,,,
25 D2 D6 98 D6 93,D6,F3,4,0,4E,0,45,,,,,,,,,,,,,,,,,,,,,,0,0,,,,,,,,
E9 D2 D7 98 D6 44,D6,3F,4,1,4E,0,92,,,,,,,,,,,,,,,,,,,,,,0,0,,,,,,,,
25 D2 D6 99 D6 90,D6,F3,4,0,4F,0,46,,,,,,,,,,,,,,,,,,,,,,0,0,,,,,,,,
E9 D2 D7 99 D6 45,D6,3F,4,1,4F,0,93,,,,,,,,,,,,,,,,,,,,,,0,0,,,,,,,,
25 D2 D6 86 D6 91,D6,F3,4,0,50,0,47,,,,,,,,,,,,,,,,,,,,,,0,0,,,,,,,,
E9 D2 D7 86 D6 42,D6,3F,4,1,50,0,94,,,,,,,,,,,,,,,,,,,,,,0,0,,,,,,,,
25 D2 D6 87 D6 9E,D6,F3,4,0,51,0,48,,,,,,,,,,,,,,,,,,,,,,0,0,,,,,,,,
E9 D2 D7 87 D6 43,D6,3F,4,1,51,0,95,,,,,,,,,,,,,,,,,,,,,,0,0,,,,,,,,
25 D2 D6 84 D6 9F,D6,F3,4,0,52,0,49,,,,,,,,,,,,,,,,,,,,,,0,0,,,,,,,,
E9 D2 D7 84 D6 40,D6,3F,4,1,52,0,96,,,,,,,,,,,,,,,,,,,,,,0,0,,,,,,,,
B9 D2 D6 FC D6 4B,D6,6F,4,0,2A,0,9D,,,,,,,,,,,,,,,,,,,,,,0,0,,,,,,,,
20 D2 D7 FC D6 F3,D6,F6,4,1,2A,0,25,,,,,,,,,,,,,,,,,,,,,,0,0,,,,,,,,
5F A8 AC FF AC E6,AC,F3,4,0,53,0,4A,,,,,,,,,,,,,,,,,,,,,,2A,7A,,,,,,,,
93 A8 AD FF AC 3B,AC,3F,4,1,53,0,97,,,,,,,,,,,,,,,,,,,,,,0,0,,,,,,,,
5A A8 AC BC AD A7,AC,F6,4,0,10,1,0B,,,,,,,,,,,,,,,,,,,,,,0,0,,,,,,,,
C3 BC AC 6C 9C 9C 9F 9C 9C 9C 9C 9C 9C 9C AD AC AC 8F,AC,6F,10,0,C0,30,30,33,30,30,30,30,30,30,30,1,0,0,23,,,,,,,,,,0,0,,,,,,,,
8A 7D 79 2D 79 32,79,F3,4,0,54,0,4B,,,,,,,,,,,,,,,,,,,,,,33,D5,,,,,,,,
16 7D 78 69 79 FD,79,6F,4,1,10,0,84,,,,,,,,,,,,,,,,,,,,,,0,0,,,,,,,,
B5 8E 8B DE 8A 12,8A,3F,4,1,54,0,98,,,,,,,,,,,,,,,,,,,,,,11,F3,,,,,,,,
8A 7D 79 2C 79 35,79,F3,4,0,55,0,4C,,,,,,,,,,,,,,,,,,,,,,11,F3,,,,,,,,
8A 7D 79 2F 79 34,79,F3,4,0,56,0,4D,,,,,,,,,,,,,,,,,,,,,,0,0,,,,,,,,
B5 8E 8B DC 8A 10,8A,3F,4,1,56,0,9A,,,,,,,,,,,,,,,,,,,,,,11,F3,,,,,,,,
8A 7D 79 2E 79 37,79,F3,4,0,57,0,4E,,,,,,,,,,,,,,,,,,,,,,11,F3,,,,,,,,
B5 8E 8B DD 8A 11,8A,3F,4,1,57,0,9B,,,,,,,,,,,,,,,,,,,,,,11,F3,,,,,,,,
8F 7D 78 B9 79 C2,79,F6,4,1,C0,0,BB,,,,,,,,,,,,,,,,,,,,,,11,F3,,,,,,,,
79 8E 8A D2 8A C5,8A,F3,4,0,58,0,4F,,,,,,,,,,,,,,,,,,,,,,11,F3,,,,,,,,
B5 8E 8B D2 8A 16,8A,3F,4,1,58,0,9C,,,,,,,,,,,,,,,,,,,,,,0,0,,,,,,,,
79 8E 8A D3 8A DA,8A,F3,4,0,59,0,50,,,,,,,,,,,,,,,,,,,,,,0,0,,,,,,,,
B5 8E 8B D3 8A 17,8A,3F,4,1,59,0,9D,,,,,,,,,,,,,,,,,,,,,,0,0,,,,,,,,
E5 8F 8A 8B 8B 8A FC,8A,6F,5,0,1,1,0,76,,,,,,,,,,,,,,,,,,,,,0,0,,,,,,,,
79 8E 8A D0 8A DB,8A,F3,4,0,5A,0,51,,,,,,,,,,,,,,,,,,,,,,0,0,,,,,,,,
5F 64 61 3A 60 FE,60,3F,4,1,5A,0,9E,,,,,,,,,,,,,,,,,,,,,,2A,EA,,,,,,,,
79 8E 8A D1 8A D8,8A,F3,4,0,5B,0,52,,,,,,,,,,,,,,,,,,,,,,2A,EA,,,,,,,,
5F 64 61 3B 60 FF,60,3F,4,1,5B,0,9F,,,,,,,,,,,,,,,,,,,,,,2A,EA,,,,,,,,
79 8E 8A D6 8A D9,8A,F3,4,0,5C,0,53,,,,,,,,,,,,,,,,,,,,,,2A,EA,,,,,,,,
5F 64 61 3C 60 C0,60,3F,4,1,5C,0,A0,,,,,,,,,,,,,,,,,,,,,,2A,EA,,,,,,,,
79 8E 8A D7 8A DE,8A,F3,4,0,5D,0,54,,,,,,,,,,,,,,,,,,,,,,2A,EA,,,,,,,,
5F 64 61 3D 60 C1,60,3F,4,1,5D,0,A1,,,,,,,,,,,,,,,,,,,,,,2A,EA,,,,,,,,
79 8E 8A D4 8A DF,8A,F3,4,0,5E,0,55,,,,,,,,,,,,,,,,,,,,,,2A,EA,,,,,,,,
5F 64 61 3E 60 C2,60,3F,4,1,5E,0,A2,,,,,,,,,,,,,,,,,,,,,,2A,EA,,,,,,,,
0F 67 60 62 62 60 60 60 1A,60,6F,7,0,2,2,0,0,0,7A,,,,,,,,,,,,,,,,,,,0,0,,,,,,,,
79 8E 8A D5 8A DC,8A,F3,4,0,5F,0,56,,,,,,,,,,,,,,,,,,,,,,2A,EA,,,,,,,,
FA C1 C4 9A C5 66,C5,3F,4,1,5F,0,A3,,,,,,,,,,,,,,,,,,,,,,3B,4F,,,,,,,,
79 8E 8A EA 8A DD,8A,F3,4,0,60,0,57,,,,,,,,,,,,,,,,,,,,,,3B,4F,,,,,,,,
FA C1 C4 A5 C5 61,C5,3F,4,1,60,0,A4,,,,,,,,,,,,,,,,,,,,,,3B,4F,,,,,,,,
79 8E 8A EB 8A D2,8A,F3,4,0,61,0,58,,,,,,,,,,,,,,,,,,,,,,3B,4F,,,,,,,,
FA C1 C4 A4 C5 60,C5,3F,4,1,61,0,A5,,,,,,,,,,,,,,,,,,,,,,3B,4F,,,,,,,,
79 8E 8A E8 8A D3,8A,F3,4,0,62,0,59,,,,,,,,,,,,,,,,,,,,,,3B,4F,,,,,,,,
FA C1 C4 A7 C5 63,C5,3F,4,1,62,0,A6,,,,,,,,,,,,,,,,,,,,,,3B,4F,,,,,,,,
79 8E 8A E9 8A D0,8A,F3,4,0,63,0,5A,,,,,,,,,,,,,,,,,,,,,,3B,4F,,,,,,,,
FA C1 C4 A6 C5 62,C5,3F,4,1,63,0,A7,,,,,,,,,,,,,,,,,,,,,,3B,4F,,,,,,,,
AA C3 C5 C6 C4 D4 A6 28,C5,6F,6,0,3,1,11,63,ED,,,,,,,,,,,,,,,,,,,,0,0,,,,,,,,
7C 8E 8A 8C 89 89,8A,F6,4,0,6,3,3,,,,,,,,,,,,,,,,,,,,,,3B,4F,,,,,,,,
93 64 60 60 60 97,60,F3,4,0,0,0,F7,,,,,,,,,,,,,,,,,,,,,,2A,EA,,,,,,,,
14 2F 2A 2B 2B 6F,2B,3F,4,1,0,0,44,,,,,,,,,,,,,,,,,,,,,,35,4B,,,,,,,,
44 2F 2A 2D 2B 51,2B,6F,4,1,6,0,7A,,,,,,,,,,,,,,,,,,,,,,0,0,,,,,,,,
93 64 60 61 60 98,60,F3,4,0,1,0,F8,,,,,,,,,,,,,,,,,,,,,,35,4B,,,,,,,,
AD 96 93 93 92 D7,92,3F,4,1,1,0,45,,,,,,,,,,,,,,,,,,,,,,32,F2,,,,,,,,
93 64 60 62 60 99,60,F3,4,0,2,0,F9,,,,,,,,,,,,,,,,,,,,,,32,F2,,,,,,,,
93 64 60 63 60 9A,60,F3,4,0,3,0,FA,,,,,,,,,,,,,,,,,,,,,,0,0,,,,,,,,
AD 96 93 91 92 D5,92,3F,4,1,3,0,47,,,,,,,,,,,,,,,,,,,,,,32,F2,,,,,,,,
93 64 60 64 60 9B,60,F3,4,0,4,0,FB,,,,,,,,,,,,,,,,,,,,,,32,F2,,,,,,,,
AD 96 93 96 92 DA,92,3F,4,1,4,0,48,,,,,,,,,,,,,,,,,,,,,,32,F2,,,,,,,,
FD 96 92 95 92 E8,92,6F,4,0,7,0,7A,,,,,,,,,,,,,,,,,,,,,,0,0,,,,,,,,
93 64 60 65 60 9C,60,F3,4,0,5,0,FC,,,,,,,,,,,,,,,,,,,,,,32,F2,,,,,,,,
17 2C 29 2D 28 61,28,3F,4,1,5,0,49,,,,,,,,,,,,,,,,,,,,,,38,48,,,,,,,,
93 64 60 66 60 9D,60,F3,4,0,6,0,FD,,,,,,,,,,,,,,,,,,,,,,38,48,,,,,,,,
17 2C 29 2E 28 62,28,3F,4,1,6,0,4A,,,,,,,,,,,,,,,,,,,,,,38,48,,,,,,,,
96 6B 60 65 74 62 6B 6B 68 58 62 61 15,60,F6,0B,0,5,14,2,0B,0B,8,38,2,1,75,,,,,,,,,,,,,,,38,48,,,,,,,,
47 2C 29 2D 28 51,28,6F,4,1,5,0,79,,,,,,,,,,,,,,,,,,,,,,38,48,,,,,,,,
36 C1 C5 C2 C5 3B,C5,F3,4,0,7,0,FE,,,,,,,,,,,,,,,,,,,,,,9D,ED,,,,,,,,
5C 67 62 64 63 28,63,3F,4,1,7,0,4B,,,,,,,,,,,,,,,,,,,,,,62,A6,,,,,,,,
36 C1 C5 CD C5 3A,C5,F3,4,0,8,0,FF,,,,,,,,,,,,,,,,,,,,,,62,A6,,,,,,,,
5C 67 62 6B 63 2F,63,3F,4,1,8,0,4C,,,,,,,,,,,,,,,,,,,,,,62,A6,,,,,,,,
0C 67 63 6F 62 E3,63,6F,4,0,0C,1,80,,,,,,,,,,,,,,,,,,,,,,0,0,,,,,,,,
36 C1 C5 CC C5 C5,C5,F3,4,0,9,0,0,,,,,,,,,,,,,,,,,,,,,,62,A6,,,,,,,,
36 C1 C5 CF C5 C4,C5,F3,4,0,0A,0,1,,,,,,,,,,,,,,,,,,,,,,0,0,,,,,,,,
92 A9 AC A7 AD E3,AD,3F,4,1,0A,0,4E,,,,,,,,,,,,,,,,,,,,,,18,68,,,,,,,,
36 C1 C5 CE C5 C7,C5,F3,4,0,0B,0,2,,,,,,,,,,,,,,,,,,,,,,18,68,,,,,,,,
92 A9 AC A6 AD E2,AD,3F,4,1,0B,0,4F,,,,,,,,,,,,,,,,,,,,,,18,68,,,,,,,,
C2 A9 AD A0 AC 2C,AD,6F,4,0,0D,1,81,,,,,,,,,,,,,,,,,,,,,,0,0,,,,,,,,
36 C1 C5 C9 C5 C6,C5,F3,4,0,0C,0,3,,,,,,,,,,,,,,,,,,,,,,18,68,,,,,,,,
07 3C 39 34 38 68,38,3F,4,1,0C,0,50,,,,,,,,,,,,,,,,,,,,,,8D,FD,,,,,,,,
36 C1 C5 C8 C5 C1,C5,F3,4,0,0D,0,4,,,,,,,,,,,,,,,,,,,,,,8D,FD,,,,,,,,
07 3C 39 34 38 68,38,3F,4,1,0C,0,50,,,,,,,,,,,,,,,,,,,,,,8D,FD,,,,,,,,
36 C1 C5 D5 C5 C2,C5,F3,4,0,10,0,7,,,,,,,,,,,,,,,,,,,,,,8D,FD,,,,,,,,
07 3C 39 35 38 69,38,3F,4,1,0D,0,51,,,,,,,,,,,,,,,,,,,,,,8D,FD,,,,,,,,
07 3C 39 28 38 6C,38,3F,4,1,10,0,54,,,,,,,,,,,,,,,,,,,,,,0,0,,,,,,,,
36 C1 C5 D4 C5 CD,C5,F3,4,0,11,0,8,,,,,,,,,,,,,,,,,,,,,,8D,FD,,,,,,,,
07 3C 39 29 38 6D,38,3F,4,1,11,0,55,,,,,,,,,,,,,,,,,,,,,,8D,FD,,,,,,,,
36 C1 C5 D7 C5 CC,C5,F3,4,0,12,0,9,,,,,,,,,,,,,,,,,,,,,,8D,FD,,,,,,,,
07 3C 39 2A 38 6E,38,3F,4,1,12,0,56,,,,,,,,,,,,,,,,,,,,,,8D,FD,,,,,,,,
36 C1 C5 D6 C5 CF,C5,F3,4,0,13,0,0A,,,,,,,,,,,,,,,,,,,,,,8D,FD,,,,,,,,
57 3C 38 36 38 B9,38,6F,4,0,0E,0,81,,,,,,,,,,,,,,,,,,,,,,8D,FD,,,,,,,,
9B A0 A5 B7 A4 F3,A4,3F,4,1,13,0,57,,,,,,,,,,,,,,,,,,,,,,6C,9C,,,,,,,,
36 C1 C5 D1 C5 CE,C5,F3,4,0,14,0,0B,,,,,,,,,,,,,,,,,,,,,,21,61,,,,,,,,
9B A0 A5 B0 A4 FC,A4,3F,4,1,14,0,58,,,,,,,,,,,,,,,,,,,,,,21,61,,,,,,,,
CB A0 A4 AB A4 26,A4,6F,4,0,0F,0,82,,,,,,,,,,,,,,,,,,,,,,0,0,,,,,,,,
7E 15 11 01 11 92,11,6F,4,0,10,0,83,,,,,,,,,,,,,,,,,,,,,,93,B5,,,,,,,,
22 49 4D 5C 4D C9,4D,6F,4,0,11,0,84,,,,,,,,,,,,,,,,,,,,,,3C,5C,,,,,,,,
6D 08 02 10 16 00 09 09 0A 3A 00 FB,2,6F,0A,0,12,14,2,0B,0B,8,38,2,F9,,,,,,,,,,,,,,,,4B,4F,,,,,,,,
31 5A 5E 4D 5E D8,5E,6F,4,0,13,0,86,,,,,,,,,,,,,,,,,,,,,,5C,5C,,,,,,,,
36 C1 C5 D0 C5 C9,C5,F3,4,0,15,0,0C,,,,,,,,,,,,,,,,,,,,,,67,9B,,,,,,,,
05 60 6A 7E 6A 6A 6A 6A 6A 6A 6A E7,6A,6F,0A,0,14,0,0,0,0,0,0,0,8D,,,,,,,,,,,,,,,,5B,AF,,,,,,,,
7E 45 40 54 41 18,41,3F,4,1,15,0,59,,,,,,,,,,,,,,,,,,,,,,29,2B,,,,,,,,
36 C1 C5 D3 C5 C8,C5,F3,4,0,16,0,0D,,,,,,,,,,,,,,,,,,,,,,84,84,,,,,,,,
7E 45 40 57 41 1B,41,3F,4,1,16,0,5A,,,,,,,,,,,,,,,,,,,,,,84,84,,,,,,,,
36 C1 C5 D2 C5 CB,C5,F3,4,0,17,0,0E,,,,,,,,,,,,,,,,,,,,,,84,84,,,,,,,,
7E 45 40 56 41 1A,41,3F,4,1,17,0,5B,,,,,,,,,,,,,,,,,,,,,,84,84,,,,,,,,
36 C1 C5 DD C5 CA,C5,F3,4,0,18,0,0F,,,,,,,,,,,,,,,,,,,,,,84,84,,,,,,,,
7E 45 40 59 41 1D,41,3F,4,1,18,0,5C,,,,,,,,,,,,,,,,,,,,,,84,84,,,,,,,,
36 C1 C5 DC C5 D5,C5,F3,4,0,19,0,10,,,,,,,,,,,,,,,,,,,,,,84,84,,,,,,,,
7E 45 40 58 41 1C,41,3F,4,1,19,0,5D,,,,,,,,,,,,,,,,,,,,,,84,84,,,,,,,,
36 C1 C5 DF C5 D4,C5,F3,4,0,1A,0,11,,,,,,,,,,,,,,,,,,,,,,84,84,,,,,,,,
7E 45 40 5B 41 1F,41,3F,4,1,1A,0,5E,,,,,,,,,,,,,,,,,,,,,,84,84,,,,,,,,
2E 56 41 54 41 0B 0C 00 19 05 06 06 73 16 06 1B 71 71 73 71 72 74 40 43 B5,41,6F,17,0,15,0,4A,4D,41,58,44,47,47,32,57,47,5A,30,30,32,30,33,35,1,2,F4,,,0,0,,,,,,,,
36 C1 C5 DE C5 D7,C5,F3,4,0,1B,0,12,,,,,,,,,,,,,,,,,,,,,,84,84,,,,,,,,
A0 9B 9E 84 9F C0,9F,3F,4,1,1B,0,5F,,,,,,,,,,,,,,,,,,,,,,26,5A,,,,,,,,
36 C1 C5 D9 C5 D6,C5,F3,4,0,1C,0,13,,,,,,,,,,,,,,,,,,,,,,26,5A,,,,,,,,
A0 9B 9E 83 9F FF,9F,3F,4,1,1C,0,60,,,,,,,,,,,,,,,,,,,,,,26,5A,,,,,,,,
36 C1 C5 D8 C5 D1,C5,F3,4,0,1D,0,14,,,,,,,,,,,,,,,,,,,,,,26,5A,,,,,,,,
A0 9B 9E 82 9F FE,9F,3F,4,1,1D,0,61,,,,,,,,,,,,,,,,,,,,,,26,5A,,,,,,,,
36 C1 C5 DB C5 D0,C5,F3,4,0,1E,0,15,,,,,,,,,,,,,,,,,,,,,,26,5A,,,,,,,,
A0 9B 9E 81 9F FD,9F,3F,4,1,1E,0,62,,,,,,,,,,,,,,,,,,,,,,26,5A,,,,,,,,
36 C1 C5 DA C5 D3,C5,F3,4,0,1F,0,16,,,,,,,,,,,,,,,,,,,,,,26,5A,,,,,,,,
A0 9B 9E 80 9F FC,9F,3F,4,1,1F,0,63,,,,,,,,,,,,,,,,,,,,,,26,5A,,,,,,,,
F0 94 9F 89 9D 6E 9E ED 99 EC 99 9F EA,9F,6F,0B,0,16,2,F1,1,72,6,73,6,0,75,,,,,,,,,,,,,,,0,0,,,,,,,,
36 C1 C5 E5 C5 D2,C5,F3,4,0,20,0,17,,,,,,,,,,,,,,,,,,,,,,26,5A,,,,,,,,
E0 DB DE FF DF BB,DF,3F,4,1,20,0,64,,,,,,,,,,,,,,,,,,,,,,1A,1A,,,,,,,,
36 C1 C5 E4 C5 DD,C5,F3,4,0,21,0,18,,,,,,,,,,,,,,,,,,,,,,1A,1A,,,,,,,,
E0 DB DE FE DF BA,DF,3F,4,1,21,0,65,,,,,,,,,,,,,,,,,,,,,,1A,1A,,,,,,,,
33 C1 C5 C3 C6 C6,C5,F6,4,0,6,3,3,,,,,,,,,,,,,,,,,,,,,,1A,1A,,,,,,,,
D8 2F 2B 09 2B 32,2B,F3,4,0,22,0,19,,,,,,,,,,,,,,,,,,,,,,9A,EE,,,,,,,,
E0 DB DE FD DF B9,DF,3F,4,1,22,0,66,,,,,,,,,,,,,,,,,,,,,,B4,F4,,,,,,,,
B0 DB DE D9 DF A5,DF,6F,4,1,6,0,7A,,,,,,,,,,,,,,,,,,,,,,0,0,,,,,,,,
D8 2F 2B 08 2B 31,2B,F3,4,0,23,0,1A,,,,,,,,,,,,,,,,,,,,,,B4,F4,,,,,,,,
5D 36 32 25 33 B9,32,6F,4,0,17,1,8B,,,,,,,,,,,,,,,,,,,,,,7,19,,,,,,,,
C1 FA FF DD FE 99,FE,3F,4,1,23,0,67,,,,,,,,,,,,,,,,,,,,,,CC,CC,,,,,,,,
D8 2F 2B 0F 2B 30,2B,F3,4,0,24,0,1B,,,,,,,,,,,,,,,,,,,,,,D3,D5,,,,,,,,
C1 FA FF DA FE 96,FE,3F,4,1,24,0,68,,,,,,,,,,,,,,,,,,,,,,D3,D5,,,,,,,,
D8 2F 2B 0E 2B 37,2B,F3,4,0,25,0,1C,,,,,,,,,,,,,,,,,,,,,,D3,D5,,,,,,,,
C1 FA FF DB FE 97,FE,3F,4,1,25,0,69,,,,,,,,,,,,,,,,,,,,,,D3,D5,,,,,,,,
D8 2F 2B 0D 2B 36,2B,F3,4,0,26,0,1D,,,,,,,,,,,,,,,,,,,,,,D3,D5,,,,,,,,
C1 FA FF D8 FE 94,FE,3F,4,1,26,0,6A,,,,,,,,,,,,,,,,,,,,,,D3,D5,,,,,,,,
D8 2F 2B 0C 2B 35,2B,F3,4,0,27,0,1E,,,,,,,,,,,,,,,,,,,,,,D3,D5,,,,,,,,
C1 FA FF D9 FE 95,FE,3F,4,1,27,0,6B,,,,,,,,,,,,,,,,,,,,,,D3,D5,,,,,,,,
D8 2F 2B 03 2B 34,2B,F3,4,0,28,0,1F,,,,,,,,,,,,,,,,,,,,,,D3,D5,,,,,,,,
91 ED FE E6 01 01 01 01 F9 01 01 E1 01 01 01 01 F9 01 01 E1 24,FE,6F,13,0,18,FF,FF,FF,FF,7,FF,FF,1F,FF,FF,FF,FF,7,FF,FF,1F,DA,,,,,,,D3,D5,,,,,,,,
D8 2F 2B 02 2B 0B,2B,F3,4,0,29,0,20,,,,,,,,,,,,,,,,,,,,,,D3,D5,,,,,,,,
D8 2F 2B 01 2B 0A,2B,F3,4,0,2A,0,21,,,,,,,,,,,,,,,,,,,,,,0,0,,,,,,,,
DD 2F 2B 2D 28 28,2B,F6,4,0,6,3,3,,,,,,,,,,,,,,,,,,,,,,0,0,,,,,,,,
FE C5 C0 EB C1 AF,C1,3F,4,1,2A,0,6E,,,,,,,,,,,,,,,,,,,,,,96,EA,,,,,,,,
AE C5 C0 C7 C1 BB,C1,6F,4,1,6,0,7A,,,,,,,,,,,,,,,,,,,,,,0,0,,,,,,,,
87 70 74 5F 74 56,74,F3,4,0,2B,0,22,,,,,,,,,,,,,,,,,,,,,,4D,B5,,,,,,,,
82 E1 ED F4 EC 12 12 12 12 EA 12 12 F2 58,ED,6F,0C,0,19,1,FF,FF,FF,FF,7,FF,FF,1F,B5,,,,,,,,,,,,,,79,99,,,,,,,,
1B 71 74 6E 77 74 E5,74,6F,5,0,1A,3,0,91,,,,,,,,,,,,,,,,,,,,,79,99,,,,,,,,
66 0D 09 12 08 86,9,6F,4,0,1B,1,8F,,,,,,,,,,,,,,,,,,,,,,6B,7D,,,,,,,,
CA A1 A5 B9 A7 34,A5,6F,4,0,1C,2,91,,,,,,,,,,,,,,,,,,,,,,9C,AC,,,,,,,,
BF D7 D0 CD 8E D0 D0 D0 21,D0,6F,7,0,1D,5E,0,0,0,F1,,,,,,,,,,,,,,,,,,,2B,75,,,,,,,,
E6 8C 89 97 89 89 1B,89,6F,5,0,1E,0,0,92,,,,,,,,,,,,,,,,,,,,,47,59,,,,,,,,
82 70 75 6D 74 60,74,F6,4,1,19,0,14,,,,,,,,,,,,,,,,,,,,,,15,FD,,,,,,,,
FF 0D 08 13 09 1C,9,F6,4,1,1A,0,15,,,,,,,,,,,,,,,,,,,,,,6B,7D,,,,,,,,
E2 8B 8D 92 8C 6C 8D FB,8D,6F,6,0,1F,1,E1,0,76,,,,,,,,,,,,,,,,,,,,84,84,,,,,,,,
E8 8A 87 A7 87 87 78 F8 78 86 78 F8 78 86 1F,87,6F,0D,0,20,0,0,FF,7F,FF,1,FF,7F,FF,1,98,,,,,,,,,,,,,6,A,,,,,,,,
53 38 3C 1D 3C A8,3C,6F,4,0,21,0,94,,,,,,,,,,,,,,,,,,,,,,4B,BB,,,,,,,,
18 23 26 0C 27 48,27,3F,4,1,2B,0,6F,,,,,,,,,,,,,,,,,,,,,,15,1B,,,,,,,,
48 2E 27 05 27 27 D8 58 D8 26 3F,27,6F,9,0,22,0,0,FF,7F,FF,1,18,,,,,,,,,,,,,,,,,0,0,,,,,,,,
0B 6C 64 47 65 65 64 66 66 C4,64,6F,8,0,23,1,1,0,2,2,A0,,,,,,,,,,,,,,,,,,3D,43,,,,,,,,
82 3D 38 B2 30 6D,39,BB,4,1,8B,9,54,,,,,,,,,,,,,,,,,,,,,,2B,5D,,,,,,,,
56 A1 A5 89 A5 86,A5,F3,4,0,2C,0,23,,,,,,,,,,,,,,,,,,,,,,6C,9C,,,,,,,,
53 A1 A4 BE A5 B3,A5,F6,4,1,1B,0,16,,,,,,,,,,,,,,,,,,,,,,0,0,,,,,,,,
26 D4 D1 CC D0 C7,D0,F6,4,1,1C,0,17,,,,,,,,,,,,,,,,,,,,,,2B,75,,,,,,,,
49 05 26 0E 74 63 6B 69 72 63 12 13 45 40 55 45 D9 D9 D9 D9 D9 D9 D9 D9 D9 D9 D9 D9 D9 D9 D9 D9 D9 D9 D9 D9 5C,26,6F,23,0,28,52,45,4D,4F,54,45,34,35,63,66,73,63,FF,FF,FF,FF,FF,FF,FF,FF,FF,FF,FF,FF,FF,FF,FF,FF,FF,FF,FF,FF,7A
32 58 5D 74 5D 5F C2,5D,6F,5,0,29,0,2,9F,,,,,,,,,,,,,,,,,,,,,,7B,,,,,,,,
28 DF DB F6 DB FF,DB,F3,4,0,2D,0,24,,,,,,,,,,,,,,,,,,,,,,,86,,,,,,,,
8F B4 B1 9D B0 C1,B0,3F,4,1,2D,0,71,,,,,,,,,,,,,,,,,,,,,,,6B,,,,,,,,
28 DF DB F5 DB FE,DB,F3,4,0,2E,0,25,,,,,,,,,,,,,,,,,,,,,,,6B,,,,,,,,
8F B4 B1 9E B0 C2,B0,3F,4,1,2E,0,72,,,,,,,,,,,,,,,,,,,,,,,6B,,,,,,,,
DF BB B0 A6 B2 52 B1 53 B1 14 BE B0 BB,B0,6F,0B,0,16,2,E2,1,E3,1,A4,0E,0,0B,,,,,,,,,,,,,,,,0,,,,,,,,
75 16 1A 03 1B E5 E5 E5 E5 1D E5 E5 05 AF,1A,6F,0C,0,19,1,FF,FF,FF,FF,7,FF,FF,1F,B5,,,,,,,,,,,,,,,AA,,,,,,,,
0A 60 65 7F 66 65 F4,65,6F,5,0,1A,3,0,91,,,,,,,,,,,,,,,,,,,,,,7F,,,,,,,,
6F 06 00 1F 00 00 00 94,,,,,,,,,,,,,,,,,,,,,,,,,,,,,,#VALUE!,,,,,,,,
C7 A0 A8 8B A9 A9 A8 AA AA 08,A8,6F,8,0,23,1,1,0,2,2,A0,,,,,,,,,,,,,,,,,,,#VALUE!,,,,,,,,
52 30 3D 19 3C 3D 3D 3D 3D 3D 3D 3D 3D 3D 9C,3D,6F,0D,0,24,1,0,0,0,0,0,0,0,0,0,A1,,,,,,,,,,,,,,95,,,,,,,,
A6 CF C9 EC C7 C9 36 6E,C9,6F,6,0,25,0E,0,FF,A7,,,,,,,,,,,,,,,,,,,,,F4,,,,,,,,
E4 04 00 01 00 E9,,,,,,,,,,,,,,,,,,,,,,,,,,,,,,#VALUE!,,,,,,,,
F3 04 00 2F 00 26,,,,,,,,,,,,,,,,,,,,,,,,,,,,,,#VALUE!,,,,,,,,
51 1B 1E 1E 1F 4B,1F,4E,4,1,1,0,54,,,,,,,,,,,,,,,,,,,,,,,#VALUE!,,,,,,,,
4E 0C 00 01 BE CF E1 1D 0C E1 1D 0C 02 FE,,,,,,,,,,,,,,,,,,,,,,,,,,,,,,#VALUE!,,BE CF E1 1D 0C E1 1D 0C,DB,B7,94,,,
3F 04 01 2F 00 73,,,,,,,,,,,,,,,,,,,,,,,,,,,,,,#VALUE!,,,,,,,,
E4 04 01 01 00 EA,,,,,,,,,,,,,,,,,,,,,,,,,,,,,,#VALUE!,,b2,,,,,,
28 DF DB EB DB FC,DB,F3,4,0,30,0,27,,,,,,,,,,,,,,,,,,,,,,,#VALUE!,,,,,,,,
E4 DF DA EB DB AF,DB,3F,4,1,30,0,74,,,,,,,,,,,,,,,,,,,,,,,0,,,,,,,,
28 DF DB EA DB F3,DB,F3,4,0,31,0,28,,,,,,,,,,,,,,,,,,,,,,,0,,,,,,,,
E4 DF DA EA DB AE,DB,3F,4,1,31,0,75,,,,,,,,,,,,,,,,,,,,,,,0,,,,,,,,
28 DF DB E9 DB F2,DB,F3,4,0,32,0,29,,,,,,,,,,,,,,,,,,,,,,,0,,,,,,,,
E4 DF DA E9 DB AD,DB,3F,4,1,32,0,76,,,,,,,,,,,,,,,,,,,,,,,0,,,,,,,,
28 DF DB E8 DB F1,DB,F3,4,0,33,0,2A,,,,,,,,,,,,,,,,,,,,,,,0,,,,,,,,
E4 DF DA E8 DB AC,DB,3F,4,1,33,0,77,,,,,,,,,,,,,,,,,,,,,,,0,,,,,,,,
B4 DF DB FD DB 42,DB,6F,4,0,26,0,99,,,,,,,,,,,,,,,,,,,,,,,0,,,,,,,,
2D DF DA FD DB FA,DB,F6,4,1,26,0,21,,,,,,,,,,,,,,,,,,,,,,,0,,,,,,,,
44 B3 B7 83 B7 9C,B7,F3,4,0,34,0,2B,,,,,,,,,,,,,,,,,,,,,,,6C,,,,,,,,
88 B3 B6 83 B7 CF,B7,3F,4,1,34,0,78,,,,,,,,,,,,,,,,,,,,,,,0,,,,,,,,
D8 B3 B7 90 B7 2D,B7,6F,4,0,27,0,9A,,,,,,,,,,,,,,,,,,,,,,,0,,,,,,,,
41 B3 B6 90 B7 95,B7,F6,4,1,27,0,22,,,,,,,,,,,,,,,,,,,,,,,0,,,,,,,,
67 90 94 A1 94 B8,94,F3,4,0,35,0,2C,,,,,,,,,,,,,,,,,,,,,,,23,,,,,,,,
AB 90 95 A1 94 ED,94,3F,4,1,35,0,79,,,,,,,,,,,,,,,,,,,,,,,0,,,,,,,,
FB B7 94 BC C6 D1 D9 DB C0 D1 A0 A1 F7 F2 E7 F7 6B 6B 6B 6B 6B 6B 6B 6B 6B 6B 6B 6B 6B 6B 6B 6B 6B 6B 6B 6B EE,94,6F,23,0,28,52,45,4D,4F,54,45,34,35,63,66,73,63,FF,FF,FF,FF,FF,FF,FF,FF,FF,FF,FF,FF,FF,FF,FF,FF,FF,FF,FF,FF,7A
62 90 95 BC 94 B7,94,F6,4,1,28,0,23,,,,,,,,,,,,,,,,,,,,,,,,,,,,,,,
E7 10 14 22 14 39,14,F3,4,0,36,0,2D,,,,,,,,,,,,,,,,,,,,,,,,,,,,,,,
2B 10 15 22 14 6E,14,3F,4,1,36,0,7A,,,,,,,,,,,,,,,,,,,,,,,,,,,,,,,
7B 11 14 3D 14 16 8B,14,6F,5,0,29,0,2,9F,,,,,,,,,,,,,,,,,,,,,,,,,,,,,,
E7 10 14 23 14 3A,14,F3,4,0,37,0,2E,,,,,,,,,,,,,,,,,,,,,,,,,,,,,,,
6E 55 50 66 51 2A,51,3F,4,1,37,0,7B,,,,,,,,,,,,,,,,,,,,,,,,,,,,,,,
E2 10 15 3D 14 30,14,F6,4,1,29,0,24,,,,,,,,,,,,,,,,,,,,,,,,,,,,,,,
3E 55 51 7D 51 CE,51,6F,4,0,2C,0,9F,,,,,,,,,,,,,,,,,,,,,,,,,,,,,,,
A2 55 51 69 51 7E,51,F3,4,0,38,0,2F,,,,,,,,,,,,,,,,,,,,,,,,,,,,,,,
A7 55 50 7D 51 76,51,F6,4,1,2C,0,27,,,,,,,,,,,,,,,,,,,,,,,,,,,,,,,
A9 92 97 AE 96 EA,96,3F,4,1,38,0,7C,,,,,,,,,,,,,,,,,,,,,,,,,,,,,,,
65 92 96 AF 96 A6,96,F3,4,0,39,0,30,,,,,,,,,,,,,,,,,,,,,,,,,,,,,,,
A9 92 97 AF 96 EB,96,3F,4,1,39,0,7D,,,,,,,,,,,,,,,,,,,,,,,,,,,,,,,
F9 9D 96 80 94 74 97 75 97 32 98 96 9D,96,6F,0B,0,16,2,E2,1,E3,1,A4,0E,0,0B,,,,,,,,,,,,,,,,,,,,,,,,
65 92 96 AC 96 A7,96,F3,4,0,3A,0,31,,,,,,,,,,,,,,,,,,,,,,,,,,,,,,,
3D 11 12 13 21,12,2F,3,0,1,33,,,,,,,,,,,,,,,,,,,,,,,,,,,,,,,,
60 92 97 80 96 87,96,F6,4,1,16,0,11,,,,,,,,,,,,,,,,,,,,,,,,,,,,,,,
2D 16 13 28 12 6C,12,3F,4,1,3A,0,7E,,,,,,,,,,,,,,,,,,,,,,,,,,,,,,,
E1 16 12 2F 12 26,12,F3,4,0,3D,0,34,,,,,,,,,,,,,,,,,,,,,,,,,,,,,,,
E1 16 12 2C 12 27,12,F3,4,0,3E,0,35,,,,,,,,,,,,,,,,,,,,,,,,,,,,,,,
2D 16 13 2C 12 90,12,3F,4,1,3E,0,82,,,,,,,,,,,,,,,,,,,,,,,,,,,,,,,
7D 1E 12 0B 13 ED ED ED ED 15 ED ED 0D A7,12,6F,0C,0,19,1,FF,FF,FF,FF,7,FF,FF,1F,B5,,,,,,,,,,,,,,,,,,,,,,,
E1 16 12 2D 12 24,12,F3,4,0,3F,0,36,,,,,,,,,,,,,,,,,,,,,,,,,,,,,,,
CB F0 F5 CB F4 77,F4,3F,4,1,3F,0,83,,,,,,,,,,,,,,,,,,,,,,,,,,,,,,,
Invalid message E4 16 13 0B 12 06,,,,,,,,,,,,,,,,,,,,,,,,,,,,,,,,,,,,,,
07 F0 F4 B4 F4 C3,F4,F3,4,0,40,0,37,,,,,,,,,,,,,,,,,,,,,,,,,,,,,,,
07 F0 F4 B5 F4 CC,F4,F3,4,0,41,0,38,,,,,,,,,,,,,,,,,,,,,,,,,,,,,,,
4F F0 F5 E1 00 3D,F4,BB,4,1,15,F4,C9,,,,,,,,,,,,,,,,,,,,,,,,,,,,,,,
07 F0 F4 B6 F4 CD,F4,F3,4,0,42,0,39,,,,,,,,,,,,,,,,,,,,,,,,,,,,,,,
CB F0 F5 B6 F4 72,F4,3F,4,1,42,0,86,,,,,,,,,,,,,,,,,,,,,,,,,,,,,,,
07 F0 F4 B7 F4 CE,F4,F3,4,0,43,0,3A,,,,,,,,,,,,,,,,,,,,,,,,,,,,,,,
CB F0 F5 B7 F4 73,F4,3F,4,1,43,0,87,,,,,,,,,,,,,,,,,,,,,,,,,,,,,,,
9B F1 F4 EE F7 F4 65,F4,6F,5,0,1A,3,0,91,,,,,,,,,,,,,,,,,,,,,,,,,,,,,,
07 F0 F4 B0 F4 CF,F4,F3,4,0,44,0,3B,,,,,,,,,,,,,,,,,,,,,,,,,,,,,,,
E8 D3 D6 93 D7 5F,D7,3F,4,1,44,0,88,,,,,,,,,,,,,,,,,,,,,,,,,,,,,,,
02 F0 F5 EE F4 E1,F4,F6,4,1,1A,0,15,,,,,,,,,,,,,,,,,,,,,,,,,,,,,,,
B8 D1 D7 C8 D7 D7 D7 43,D7,6F,6,0,1F,0,0,0,94,,,,,,,,,,,,,,,,,,,,,,,,,,,,,
24 D3 D7 92 D7 EB,D7,F3,4,0,45,0,3C,,,,,,,,,,,,,,,,,,,,,,,,,,,,,,,
21 D3 D6 C8 D7 CD,D7,F6,4,1,1F,0,1A,,,,,,,,,,,,,,,,,,,,,,,,,,,,,,,
5A 61 64 20 65 EC,65,3F,4,1,45,0,89,,,,,,,,,,,,,,,,,,,,,,,,,,,,,,,
0A 6D 65 46 65 65 65 67 67 FB,65,6F,8,0,23,0,0,0,2,2,9E,,,,,,,,,,,,,,,,,,,,,,,,,,,
93 61 64 46 65 7B,65,F6,4,1,23,0,1E,,,,,,,,,,,,,,,,,,,,,,,,,,,,,,,
53 A4 A0 E6 A0 9D,A0,F3,4,0,46,0,3D,,,,,,,,,,,,,,,,,,,,,,,,,,,,,,,
9F A4 A1 E6 A0 2A,A0,3F,4,1,46,0,8A,,,,,,,,,,,,,,,,,,,,,,,,,,,,,,,
CF AD A0 84 A1 A0 A0 A0 A0 A0 A0 A0 A0 A0 01,A0,6F,0D,0,24,1,0,0,0,0,0,0,0,0,0,A1,,,,,,,,,,,,,,,,,,,,,,
56 A4 A1 84 A0 BF,A0,F6,4,1,24,0,1F,,,,,,,,,,,,,,,,,,,,,,,,,,,,,,,
75 82 86 C1 86 B8,86,F3,4,0,47,0,3E,,,,,,,,,,,,,,,,,,,,,,,,,,,,,,,
B9 82 87 C1 86 0D,86,3F,4,1,47,0,8B,,,,,,,,,,,,,,,,,,,,,,,,,,,,,,,
E9 80 86 A3 88 86 79 21,86,6F,6,0,25,0E,0,FF,A7,,,,,,,,,,,,,,,,,,,,,,,,,,,,,
70 82 87 A3 86 A6,86,F6,4,1,25,0,20,,,,,,,,,,,,,,,,,,,,,,,,,,,,,,,
9E 69 6D 25 6D 52,6D,F3,4,0,48,0,3F,,,,,,,,,,,,,,,,,,,,,,,,,,,,,,,
52 69 6C 25 6D E1,6D,3F,4,1,48,0,8C,,,,,,,,,,,,,,,,,,,,,,,,,,,,,,,
02 66 6D 7B 6F 8F 6C 8E 6C C9 63 6D 66,6D,6F,0B,0,16,2,E2,1,E3,1,A4,0E,0,0B,,,,,,,,,,,,,,,,,,,,,,,,
9E 69 6D 24 6D 2D,6D,F3,4,0,49,0,40,,,,,,,,,,,,,,,,,,,,,,,,,,,,,,,
F7 CC C9 81 C8 45,C8,3F,4,1,49,0,8D,,,,,,,,,,,,,,,,,,,,,,,,,,,,,,,
9B 69 6C 7B 6D 7C,6D,F6,4,1,16,0,11,,,,,,,,,,,,,,,,,,,,,,,,,,,,,,,
A7 C4 C8 D1 C9 37 37 37 37 CF 37 37 D7 7D,C8,6F,0C,0,19,1,FF,FF,FF,FF,7,FF,FF,1F,B5,,,,,,,,,,,,,,,,,,,,,,,
3B CC C8 82 C8 89,C8,F3,4,0,4A,0,41,,,,,,,,,,,,,,,,,,,,,,,,,,,,,,,
3E CC C9 D1 C8 DC,C8,F6,4,1,19,0,14,,,,,,,,,,,,,,,,,,,,,,,,,,,,,,,
F9 C2 C7 8C C6 48,C6,3F,4,1,4A,0,8E,,,,,,,,,,,,,,,,,,,,,,,,,,,,,,,
A9 CB C6 E2 C4 C6 C6 C6 C6 C6 C6 C6 C6 C6 64,C6,6F,0D,0,24,2,0,0,0,0,0,0,0,0,0,A2,,,,,,,,,,,,,,,,,,,,,,
30 C2 C7 E2 C6 D9,C6,F6,4,1,24,0,1F,,,,,,,,,,,,,,,,,,,,,,,,,,,,,,,
92 65 61 2A 61 23,61,F3,4,0,4B,0,42,,,,,,,,,,,,,,,,,,,,,,,,,,,,,,,
Invalid message 5E 65 60 2A 61 EE,,,,,,,,,,,,,,,,,,,,,,,,,,,,,,,,,,,,,,
0E 6A 61 77 63 A5 7F E4 6F E7 7F 61 CA,61,6F,0B,0,16,2,C4,1E,85,0E,86,1E,0,AB,,,,,,,,,,,,,,,,,,,,,,,,
97 65 60 77 61 70,61,F6,4,1,16,0,11,,,,,,,,,,,,,,,,,,,,,,,,,,,,,,,
98 6F 6B 27 6B 28,6B,F3,4,0,4C,0,43,,,,,,,,,,,,,,,,,,,,,,,,,,,,,,,
54 6F 6A 27 6B FB,6B,3F,4,1,4C,0,90,,,,,,,,,,,,,,,,,,,,,,,,,,,,,,,
04 60 6B 7D 69 A1 6A E0 95 E7 61 6B 17,6B,6F,0B,0,16,2,CA,1,8B,FE,8C,0A,0,7C,,,,,,,,,,,,,,,,,,,,,,,,
9D 6F 6A 7D 6B 7A,6B,F6,4,1,16,0,11,,,,,,,,,,,,,,,,,,,,,,,,,,,,,,,
0B FC F8 B5 F8 BC,F8,F3,4,0,4D,0,44,,,,,,,,,,,,,,,,,,,,,,,,,,,,,,,
C7 FC F9 B5 F8 69,F8,3F,4,1,4D,0,91,,,,,,,,,,,,,,,,,,,,,,,,,,,,,,,
97 F3 F8 EE FA E8 EA 29 F9 2A F9 F8 A1,F8,6F,0B,0,16,2,10,12,D1,1,D2,1,0,59,,,,,,,,,,,,,,,,,,,,,,,,
0E FC F9 EE F8 E9,F8,F6,4,1,16,0,11,,,,,,,,,,,,,,,,,,,,,,,,,,,,,,,
16 E4 E0 E7 E1 E2,E0,F6,4,0,7,1,2,,,,,,,,,,,,,,,,,,,,,,,,,,,,,,,
38 CF CB 84 CB 8D,CB,F3,4,0,4F,0,46,,,,,,,,,,,,,,,,,,,,,,,,,,,,,,,
38 CF CB 9B CB 8C,CB,F3,4,0,50,0,47,,,,,,,,,,,,,,,,,,,,,,,,,,,,,,,
38 CF CB 9A CB 83,CB,F3,4,0,51,0,48,,,,,,,,,,,,,,,,,,,,,,,,,,,,,,,
38 CF CB 99 CB 82,CB,F3,4,0,52,0,49,,,,,,,,,,,,,,,,,,,,,,,,,,,,,,,
38 CF CB 98 CB 81,CB,F3,4,0,53,0,4A,,,,,,,,,,,,,,,,,,,,,,,,,,,,,,,
38 CF CB 9F CB 80,CB,F3,4,0,54,0,4B,,,,,,,,,,,,,,,,,,,,,,,,,,,,,,,
38 CF CB 9E CB 87,CB,F3,4,0,55,0,4C,,,,,,,,,,,,,,,,,,,,,,,,,,,,,,,
38 CF CB 9D CB 86,CB,F3,4,0,56,0,4D,,,,,,,,,,,,,,,,,,,,,,,,,,,,,,,
38 CF CB 9C CB 85,CB,F3,4,0,57,0,4E,,,,,,,,,,,,,,,,,,,,,,,,,,,,,,,
38 CF CB 93 CB 84,CB,F3,4,0,58,0,4F,,,,,,,,,,,,,,,,,,,,,,,,,,,,,,,
DF E4 E1 AE E0 72,E0,3F,4,1,4E,0,92,,,,,,,,,,,,,,,,,,,,,,,,,,,,,,,
8F E4 E1 E7 E0 9B,E0,6F,4,1,7,0,7B,,,,,,,,,,,,,,,,,,,,,,,,,,,,,,,
A4 C0 CB DD C9 D8 CD 1F CA 1E CA CB 9D,CB,6F,0B,0,16,2,13,6,D4,1,D5,1,0,56,,,,,,,,,,,,,,,,,,,,,,,,
3B 00 05 4B 04 97,4,3F,4,1,4F,0,93,,,,,,,,,,,,,,,,,,,,,,,,,,,,,,,
3B 00 05 56 04 92,4,3F,4,1,52,0,96,,,,,,,,,,,,,,,,,,,,,,,,,,,,,,,
6B 0F 04 12 06 17 02 D0 05 D1 05 04 52,4,6F,0B,0,16,2,13,6,D4,1,D5,1,0,56,,,,,,,,,,,,,,,,,,,,,,,,
61 5A 5F 0A 5E C6,5E,3F,4,1,54,0,98,,,,,,,,,,,,,,,,,,,,,,,,,,,,,,,
61 5A 5F 08 5E C4,5E,3F,4,1,56,0,9A,,,,,,,,,,,,,,,,,,,,,,,,,,,,,,,
3D CF CB DC CA D9,CB,F6,4,0,17,1,12,,,,,,,,,,,,,,,,,,,,,,,,,,,,,,,
61 5A 5F 06 5E C2,5E,3F,4,1,58,0,9C,,,,,,,,,,,,,,,,,,,,,,,,,,,,,,,
Invalid message F2 00 A8 5A 5F 48 5E 4F 68 9F 9B C2 9B CB,,,,,,,,,,,,,,,,,,,,,,,,,,,,,,,,,,,,,,
20 9F 9A 9B 00 C0,9B,BB,4,1,0,9B,5B,,,,,,,,,,,,,,,,,,,,,,,,,,,,,,,
Invalid message 9D 4F 9A 4E 9A 9B CD,,,,,,,,,,,,,,,,,,,,,,,,,,,,,,,,,,,,,,
68 9F 9B C1 9B CA,9B,F3,4,0,5A,0,51,,,,,,,,,,,,,,,,,,,,,,,,,,,,,,,
B2 89 8C D7 8D 13,8D,3F,4,1,5A,0,9E,,,,,,,,,,,,,,,,,,,,,,,,,,,,,,,
68 9F 9B C0 9B C9,9B,F3,4,0,5B,0,52,,,,,,,,,,,,,,,,,,,,,,,,,,,,,,,
68 9F 9B C5 9B CE,9B,F3,4,0,5E,0,55,,,,,,,,,,,,,,,,,,,,,,,,,,,,,,,
B2 89 8C D6 8D 12,8D,3F,4,1,5B,0,9F,,,,,,,,,,,,,,,,,,,,,,,,,,,,,,,
68 9F 9B C4 9B CD,9B,F3,4,0,5F,0,56,,,,,,,,,,,,,,,,,,,,,,,,,,,,,,,
B2 89 8C D2 8D 2E,8D,3F,4,1,5F,0,A3,,,,,,,,,,,,,,,,,,,,,,,,,,,,,,,
E2 86 8D 9B 8F 9E 8B 59 8C 58 8C 8D DB,8D,6F,0B,0,16,2,13,6,D4,1,D5,1,0,56,,,,,,,,,,,,,,,,,,,,,,,,
68 9F 9B FB 9B CC,9B,F3,4,0,60,0,57,,,,,,,,,,,,,,,,,,,,,,,,,,,,,,,
7F 44 41 20 40 E4,40,3F,4,1,60,0,A4,,,,,,,,,,,,,,,,,,,,,,,,,,,,,,,
68 9F 9B FA 9B C3,9B,F3,4,0,61,0,58,,,,,,,,,,,,,,,,,,,,,,,,,,,,,,,
7F 44 41 21 40 E5,40,3F,4,1,61,0,A5,,,,,,,,,,,,,,,,,,,,,,,,,,,,,,,
68 9F 9B F9 9B C2,9B,F3,4,0,62,0,59,,,,,,,,,,,,,,,,,,,,,,,,,,,,,,,
7F 44 41 22 40 E6,40,3F,4,1,62,0,A6,,,,,,,,,,,,,,,,,,,,,,,,,,,,,,,
E4 04 00 01 00 E9,,,,,,,,,,,,,,,,,,,,,,,,,,,,,,,,,,,,,,
F3 04 00 63 00 5A,,,,,,,,,,,,,,,,,,,,,,,,,,,,,,,,,,,,,,
0E 44 41 41 40 14,40,4E,4,1,1,0,54,,,,,,,,,,,,,,,,,,,,,,,,,,,,,,,
4E 0C 00 01 3F 50 72 B6 3F 50 72 B6 02 CB,,,,,,,,,,,,,,,,,,,,,,,,,,,,,,,,,,,,,,
3F 04 01 63 00 A7,,,,,,,,,,,,,,,,,,,,,,,,,,,,,,,,,,,,,,
E4 04 01 01 00 EA,,,,,,,,,,,,,,,,,,,,,,,,,,,,,,,,,,,,,,
9B 6C 68 68 68 9F,68,F3,4,0,0,0,F7,,,,,,,,,,,,,,,,,,,,,,,,,,,,,,,
57 6C 69 68 68 2C,68,3F,4,1,0,0,44,,,,,,,,,,,,,,,,,,,,,,,,,,,,,,,
07 63 68 7E 6A 7B 6E BC 69 BD 69 68 3E,68,6F,0B,0,16,2,13,6,D4,1,D5,1,0,56,,,,,,,,,,,,,,,,,,,,,,,,
9E 6C 69 7E 68 79,68,F6,4,1,16,0,11,,,,,,,,,,,,,,,,,,,,,,,,,,,,,,,
80 77 73 72 73 8B,73,F3,4,0,1,0,F8,,,,,,,,,,,,,,,,,,,,,,,,,,,,,,,
4C 77 72 72 73 36,73,3F,4,1,1,0,45,,,,,,,,,,,,,,,,,,,,,,,,,,,,,,,
1C 78 73 65 71 AF 72 2E 75 2D 75 73 45,73,6F,0B,0,16,2,DC,1,5D,6,5E,6,0,36,,,,,,,,,,,,,,,,,,,,,,,,
85 77 72 65 73 62,73,F6,4,1,16,0,11,,,,,,,,,,,,,,,,,,,,,,,,,,,,,,,
C5 32 36 34 36 CF,36,F3,4,0,2,0,F9,,,,,,,,,,,,,,,,,,,,,,,,,,,,,,,
09 32 37 34 36 70,36,3F,4,1,2,0,46,,,,,,,,,,,,,,,,,,,,,,,,,,,,,,,
59 3D 36 20 34 29 36 56 38 D7 37 36 37,36,6F,0B,0,16,2,1F,0,60,0E,E1,1,0,1,,,,,,,,,,,,,,,,,,,,,,,,
C0 32 37 20 36 27,36,F6,4,1,16,0,11,,,,,,,,,,,,,,,,,,,,,,,,,,,,,,,
Invalid message E5 12 16 15 16 EC,,,,,,,,,,,,,,,,,,,,,,,,,,,,,,,,,,,,,,
Invalid message E5 12 16 12 16 ED,,,,,,,,,,,,,,,,,,,,,,,,,,,,,,,,,,,,,,
Invalid message E5 12 16 13 16 EA,,,,,,,,,,,,,,,,,,,,,,,,,,,,,,,,,,,,,,
Invalid message E5 12 16 10 16 EB,,,,,,,,,,,,,,,,,,,,,,,,,,,,,,,,,,,,,,
Invalid message E5 12 16 11 16 E8,,,,,,,,,,,,,,,,,,,,,,,,,,,,,,,,,,,,,,
Invalid message E5 12 16 1E 16 E9,,,,,,,,,,,,,,,,,,,,,,,,,,,,,,,,,,,,,,
Invalid message E5 12 16 1F 16 16,,,,,,,,,,,,,,,,,,,,,,,,,,,,,,,,,,,,,,
Invalid message E5 12 16 1C 16 17,,,,,,,,,,,,,,,,,,,,,,,,,,,,,,,,,,,,,,
Invalid message E5 12 16 1D 16 14,,,,,,,,,,,,,,,,,,,,,,,,,,,,,,,,,,,,,,
Invalid message E5 12 16 1A 16 15,,,,,,,,,,,,,,,,,,,,,,,,,,,,,,,,,,,,,,
29 12 17 15 16 51,16,3F,4,1,3,0,47,,,,,,,,,,,,,,,,,,,,,,,,,,,,,,,
79 1D 16 00 14 F3 17 B0 08 B1 08 16 17,16,6F,0B,0,16,2,E5,1,A6,1E,A7,1E,0,1,,,,,,,,,,,,,,,,,,,,,,,,
16 2D 28 2D 29 61,29,3F,4,1,4,0,48,,,,,,,,,,,,,,,,,,,,,,,,,,,,,,,
16 2D 28 2E 29 62,29,3F,4,1,7,0,4B,,,,,,,,,,,,,,,,,,,,,,,,,,,,,,,
46 22 29 3F 2B CC 28 8F 37 8E 37 29 28,29,6F,0B,0,16,2,E5,1,A6,1E,A7,1E,0,1,,,,,,,,,,,,,,,,,,,,,,,,
27 1C 19 10 18 54,18,3F,4,1,8,0,4C,,,,,,,,,,,,,,,,,,,,,,,,,,,,,,,
27 1C 19 12 18 56,18,3F,4,1,0A,0,4E,,,,,,,,,,,,,,,,,,,,,,,,,,,,,,,
E0 1D 16 13 02 14 1D 1D 1F 1F 14 17 51,16,F6,0B,0,5,14,2,0B,0B,9,9,2,1,47,,,,,,,,,,,,,,,,,,,,,,,,
DF 2D 28 3F 29 38,29,F6,4,1,16,0,11,,,,,,,,,,,,,,,,,,,,,,,,,,,,,,,
27 1C 19 14 18 48,18,3F,4,1,0C,0,50,,,,,,,,,,,,,,,,,,,,,,,,,,,,,,,
77 1C 19 1D 18 61,18,6F,4,1,5,0,79,,,,,,,,,,,,,,,,,,,,,,,,,,,,,,,
BC 4B 4F 42 4F 4B,4F,F3,4,0,0D,0,4,,,,,,,,,,,,,,,,,,,,,,,,,,,,,,,
9B A0 A5 A9 A4 F5,A4,3F,4,1,0D,0,51,,,,,,,,,,,,,,,,,,,,,,,,,,,,,,,
CB B7 A4 BC 5B 5B 5B 5B A3 5B 5B BB 5B 5B 5B 5B A3 5B 5B BB 7E,A4,6F,13,0,18,FF,FF,FF,FF,7,FF,FF,1F,FF,FF,FF,FF,7,FF,FF,1F,DA,,,,,,,,,,,,,,,,
BC 4B 4F 41 4F 4A,4F,F3,4,0,0E,0,5,,,,,,,,,,,,,,,,,,,,,,,,,,,,,,,
BC 4B 4F 40 4F 49,4F,F3,4,0,0F,0,6,,,,,,,,,,,,,,,,,,,,,,,,,,,,,,,
97 AC A9 A6 A8 FA,A8,3F,4,1,0E,0,52,,,,,,,,,,,,,,,,,,,,,,,,,,,,,,,
97 AC A9 A7 A8 FB,A8,3F,4,1,0F,0,53,,,,,,,,,,,,,,,,,,,,,,,,,,,,,,,
BC 4B 4F 5E 4F 47,4F,F3,4,0,11,0,8,,,,,,,,,,,,,,,,,,,,,,,,,,,,,,,
97 AC A9 B9 A8 FD,A8,3F,4,1,11,0,55,,,,,,,,,,,,,,,,,,,,,,,,,,,,,,,
BC 4B 4F 5D 4F 46,4F,F3,4,0,12,0,9,,,,,,,,,,,,,,,,,,,,,,,,,,,,,,,
97 AC A9 BA A8 FE,A8,3F,4,1,12,0,56,,,,,,,,,,,,,,,,,,,,,,,,,,,,,,,
C7 A4 A8 B1 A9 57 57 57 57 AF 57 57 B7 1D,A8,6F,0C,0,19,1,FF,FF,FF,FF,7,FF,FF,1F,B5,,,,,,,,,,,,,,,,,,,,,,,
E4 04 00 01 00 E9,,,,,,,,,,,,,,,,,,,,,,,,,,,,,,,,,,,,,,
F3 04 00 13 00 0A,,,,,,,,,,,,,,,,,,,,,,,,,,,,,,,,,,,,,,
60 2A 2F 2F 2E 7A,2E,4E,4,1,1,0,54,,,,,,,,,,,,,,,,,,,,,,,,,,,,,,,
4E 0C 00 01 9C 83 D8 83 D0 FA C7 61 02 C9,,,,,,,,,,,,,,,,,,,,,,,,,,,,,,,,,,,,,,
3F 04 01 13 00 57,,,,,,,,,,,,,,,,,,,,,,,,,,,,,,,,,,,,,,
E4 04 01 01 00 EA,,,,,,,,,,,,,,,,,,,,,,,,,,,,,,,,,,,,,,
00 F7 F3 E7 F3 F8,F3,F3,4,0,14,0,0B,,,,,,,,,,,,,,,,,,,,,,,,,,,,,,,
Invalid message CC F7 F2 E7 F3 AB,,,,,,,,,,,,,,,,,,,,,,,,,,,,,,,,,,,,,,
00 F7 F3 E6 F3 FF,F3,F3,4,0,15,0,0C,,,,,,,,,,,,,,,,,,,,,,,,,,,,,,,
Invalid message CC F7 F2 E6 F3 AA,,,,,,,,,,,,,,,,,,,,,,,,,,,,,,,,,,,,,,
00 F7 F3 E5 F3 FE,F3,F3,4,0,16,0,0D,,,,,,,,,,,,,,,,,,,,,,,,,,,,,,,
Invalid message CC F7 F2 E5 F3 A9,,,,,,,,,,,,,,,,,,,,,,,,,,,,,,,,,,,,,,
00 F7 F3 E4 F3 FD,F3,F3,4,0,17,0,0E,,,,,,,,,,,,,,,,,,,,,,,,,,,,,,,
Invalid message CC F7 F2 E4 F3 A8 9C F6 F3 E9 F0 F3 62,,,,,,,,,,,,,,,,,,,,,,,,,,,,,,,,,,,,,,
05 F7 F2 E9 F3 E6,F3,F6,4,1,1A,0,15,,,,,,,,,,,,,,,,,,,,,,,,,,,,,,,
BD 4F 4B 5C 4A 59,4B,F6,4,0,17,1,12,,,,,,,,,,,,,,,,,,,,,,,,,,,,,,,
74 4F 4A 53 4B 17,4B,3F,4,1,18,0,5C,,,,,,,,,,,,,,,,,,,,,,,,,,,,,,,
24 4F 4B 50 4A C4,4B,6F,4,0,1B,1,8F,,,,,,,,,,,,,,,,,,,,,,,,,,,,,,,
BD D6 D3 C5 D2 59,D2,6F,4,1,17,0,8B,,,,,,,,,,,,,,,,,,,,,,,,,,,,,,,
24 D6 D3 C9 D2 C4,D2,F6,4,1,1B,0,16,,,,,,,,,,,,,,,,,,,,,,,,,,,,,,,
90 67 63 7A 63 73,63,F3,4,0,19,0,10,,,,,,,,,,,,,,,,,,,,,,,,,,,,,,,
5C 67 62 7A 63 3E,63,3F,4,1,19,0,5D,,,,,,,,,,,,,,,,,,,,,,,,,,,,,,,
0C 67 63 7F 61 F2,63,6F,4,0,1C,2,91,,,,,,,,,,,,,,,,,,,,,,,,,,,,,,,
90 67 63 79 63 72,63,F3,4,0,1A,0,11,,,,,,,,,,,,,,,,,,,,,,,,,,,,,,,
FC C7 C2 D9 C3 9D,C3,3F,4,1,1A,0,5E,,,,,,,,,,,,,,,,,,,,,,,,,,,,,,,
95 67 62 7F 63 74,63,F6,4,1,1C,0,17,,,,,,,,,,,,,,,,,,,,,,,,,,,,,,,
AC C4 C3 DE 9D C3 C3 C3 32,C3,6F,7,0,1D,5E,0,0,0,F1,,,,,,,,,,,,,,,,,,,,,,,,,,,,
30 C7 C3 D8 C3 D1,C3,F3,4,0,1B,0,12,,,,,,,,,,,,,,,,,,,,,,,,,,,,,,,
35 C7 C2 DE C3 DB,C3,F6,4,1,1D,0,18,,,,,,,,,,,,,,,,,,,,,,,,,,,,,,,
7E 45 40 5A 41 1E,41,3F,4,1,1B,0,5F,,,,,,,,,,,,,,,,,,,,,,,,,,,,,,,
2E 44 41 5F 41 41 D3,41,6F,5,0,1E,0,0,92,,,,,,,,,,,,,,,,,,,,,,,,,,,,,,
B7 45 40 5F 41 58,41,F6,4,1,1E,0,19,,,,,,,,,,,,,,,,,,,,,,,,,,,,,,,
F3 04 00 1C 00 13,,,,,,,,,,,,,,,,,,,,,,,,,,,,,,,,,,,,,,
3F 04 01 1C 00 60,,,,,,,,,,,,,,,,,,,,,,,,,,,,,,,,,,,,,,
6F 06 00 1F 00 00 00 94,,,,,,,,,,,,,,,,,,,,,,,,,,,,,,,,,,,,,,
F6 04 01 1F 00 1A,,,,,,,,,,,,,,,,,,,,,,,,,,,,,,,,,,,,,,
CE 39 3D 20 3D 29,3D,F3,4,0,1D,0,14,,,,,,,,,,,,,,,,,,,,,,,,,,,,,,,
02 39 3C 20 3D 5C,3D,3F,4,1,1D,0,61,,,,,,,,,,,,,,,,,,,,,,,,,,,,,,,
52 30 3D 1D 3D 3D C2 42 C2 3C C2 42 C2 3C A5,3D,6F,0D,0,20,0,0,FF,7F,FF,1,FF,7F,FF,1,98,,,,,,,,,,,,,,,,,,,,,,
CE 39 3D 23 3D 28,3D,F3,4,0,1E,0,15,,,,,,,,,,,,,,,,,,,,,,,,,,,,,,,
Invalid message 4E 75 70 6F 71 13,,,,,,,,,,,,,,,,,,,,,,,,,,,,,,,,,,,,,,
CB 39 3C 1D 3D 26,3D,F6,4,1,20,0,1B,,,,,,,,,,,,,,,,,,,,,,,,,,,,,,,
1E 75 71 50 71 E5,71,6F,4,0,21,0,94,,,,,,,,,,,,,,,,,,,,,,,,,,,,,,,
82 75 71 6E 71 67,71,F3,4,0,1F,0,16,,,,,,,,,,,,,,,,,,,,,,,,,,,,,,,
87 75 70 50 71 6D,71,F6,4,1,21,0,1C,,,,,,,,,,,,,,,,,,,,,,,,,,,,,,,
19 22 27 39 26 45,26,3F,4,1,1F,0,63,,,,,,,,,,,,,,,,,,,,,,,,,,,,,,,
49 2F 26 04 26 26 D9 59 D9 27 3E,26,6F,9,0,22,0,0,FF,7F,FF,1,18,,,,,,,,,,,,,,,,,,,,,,,,,,
D0 22 27 04 26 3B,26,F6,4,1,22,0,1D,,,,,,,,,,,,,,,,,,,,,,,,,,,,,,,
3D CA CE EE CE D9,CE,F3,4,0,20,0,17,,,,,,,,,,,,,,,,,,,,,,,,,,,,,,,
F1 CA CF EE CE AA,CE,3F,4,1,20,0,64,,,,,,,,,,,,,,,,,,,,,,,,,,,,,,,
A1 C6 CE ED CE CE CE CC CC 50,CE,6F,8,0,23,0,0,0,2,2,9E,,,,,,,,,,,,,,,,,,,,,,,,,,,
38 CA CF ED CE D0,CE,F6,4,1,23,0,1E,,,,,,,,,,,,,,,,,,,,,,,,,,,,,,,
66 91 95 B4 95 8D,95,F3,4,0,21,0,18,,,,,,,,,,,,,,,,,,,,,,,,,,,,,,,
AA 91 94 B4 95 F0,95,3F,4,1,21,0,65,,,,,,,,,,,,,,,,,,,,,,,,,,,,,,,
FA 98 95 B1 97 95 95 95 95 95 95 95 95 95 37,95,6F,0D,0,24,2,0,0,0,0,0,0,0,0,0,A2,,,,,,,,,,,,,,,,,,,,,,
63 91 94 B1 95 8A,95,F6,4,1,24,0,1F,,,,,,,,,,,,,,,,,,,,,,,,,,,,,,,
DC 2B 2F 0D 2F 36,2F,F3,4,0,22,0,19,,,,,,,,,,,,,,,,,,,,,,,,,,,,,,,
10 2B 2E 0D 2F 49,2F,3F,4,1,22,0,66,,,,,,,,,,,,,,,,,,,,,,,,,,,,,,,
40 29 2F 0A 21 2F D0 88,2F,6F,6,0,25,0E,0,FF,A7,,,,,,,,,,,,,,,,,,,,,,,,,,,,,
DC 2B 2F 0C 2F 35,2F,F3,4,0,23,0,1A,,,,,,,,,,,,,,,,,,,,,,,,,,,,,,,
06 3D 38 1A 39 5E,39,3F,4,1,23,0,67,,,,,,,,,,,,,,,,,,,,,,,,,,,,,,,
D9 2B 2E 0A 2F 0F,2F,F6,4,1,25,0,20,,,,,,,,,,,,,,,,,,,,,,,,,,,,,,,
56 3D 39 1F 39 A0,39,6F,4,0,26,0,99,,,,,,,,,,,,,,,,,,,,,,,,,,,,,,,
CA 3D 39 1D 39 22,39,F3,4,0,24,0,1B,,,,,,,,,,,,,,,,,,,,,,,,,,,,,,,
CF 3D 38 1F 39 18,39,F6,4,1,26,0,21,,,,,,,,,,,,,,,,,,,,,,,,,,,,,,,
52 69 6C 49 6D 05,6D,3F,4,1,24,0,68,,,,,,,,,,,,,,,,,,,,,,,,,,,,,,,
02 69 6D 4A 6D F7,6D,6F,4,0,27,0,9A,,,,,,,,,,,,,,,,,,,,,,,,,,,,,,,
9B 69 6C 4A 6D 4F,6D,F6,4,1,27,0,22,,,,,,,,,,,,,,,,,,,,,,,,,,,,,,,
DA 2D 29 0C 29 35,29,F3,4,0,25,0,1C,,,,,,,,,,,,,,,,,,,,,,,,,,,,,,,
16 2D 28 0C 29 40,29,3F,4,1,25,0,69,,,,,,,,,,,,,,,,,,,,,,,,,,,,,,,
46 0A 29 01 7B 6C 64 66 7D 6C 1D 1C 4A 4F 5A 4A D6 D6 D6 D6 D6 D6 D6 D6 D6 D6 D6 D6 D6 D6 D6 D6 D6 D6 D6 D6 53,29,6F,23,0,28,52,45,4D,4F,54,45,34,35,63,66,73,63,FF,FF,FF,FF,FF,FF,FF,FF,FF,FF,FF,FF,FF,FF,FF,FF,FF,FF,FF,FF,7A
DF 2D 28 01 29 0A,29,F6,4,1,28,0,23,,,,,,,,,,,,,,,,,,,,,,,,,,,,,,,
0E F9 FD DB FD E0,FD,F3,4,0,26,0,1D,,,,,,,,,,,,,,,,,,,,,,,,,,,,,,,
C2 F9 FC DB FD 97,FD,3F,4,1,26,0,6A,,,,,,,,,,,,,,,,,,,,,,,,,,,,,,,
92 F8 FD D4 FD FF 62,FD,6F,5,0,29,0,2,9F,,,,,,,,,,,,,,,,,,,,,,,,,,,,,,
0B F9 FC D4 FD D9,FD,F6,4,1,29,0,24,,,,,,,,,,,,,,,,,,,,,,,,,,,,,,,
CF 38 3C 1B 3C 22,3C,F3,4,0,27,0,1E,,,,,,,,,,,,,,,,,,,,,,,,,,,,,,,
03 38 3D 1B 3C 57,3C,3F,4,1,27,0,6B,,,,,,,,,,,,,,,,,,,,,,,,,,,,,,,
53 38 3C 10 3C A3,3C,6F,4,0,2C,0,9F,,,,,,,,,,,,,,,,,,,,,,,,,,,,,,,
CF 38 3C 14 3C 23,3C,F3,4,0,28,0,1F,,,,,,,,,,,,,,,,,,,,,,,,,,,,,,,
0F 34 31 18 30 5C,30,3F,4,1,28,0,6C,,,,,,,,,,,,,,,,,,,,,,,,,,,,,,,
CA 38 3D 10 3C 1B,3C,F6,4,1,2C,0,27,,,,,,,,,,,,,,,,,,,,,,,,,,,,,,,
5F 20 30 F0 00 00 03 00 00 00 00 00 00 00 31 30 30 13,30,6F,10,0,C0,30,30,33,30,30,30,30,30,30,30,1,0,0,23,,,,,,,,,,,,,,,,,,,
C6 34 31 F0 30 8B,30,F6,4,1,C0,0,BB,,,,,,,,,,,,,,,,,,,,,,,,,,,,,,,
54 A9 A2 A7 B6 A0 A9 A9 AB AE A0 A3 E8,A2,F6,0B,0,5,14,2,0B,0B,9,0C,2,1,4A,,,,,,,,,,,,,,,,,,,,,,,,
CD A6 A3 A7 A2 DB,A2,6F,4,1,5,0,79,,,,,,,,,,,,,,,,,,,,,,,,,,,,,,,
28 DF DB F2 DB FB,DB,F3,4,0,29,0,20,,,,,,,,,,,,,,,,,,,,,,,,,,,,,,,
E4 DF DA F2 DB B6,DB,3F,4,1,29,0,6D,,,,,,,,,,,,,,,,,,,,,,,,,,,,,,,
28 DF DB F1 DB FA,DB,F3,4,0,2A,0,21,,,,,,,,,,,,,,,,,,,,,,,,,,,,,,,
B4 DE DB DA DA DB AD,DB,6F,5,0,1,1,0,76,,,,,,,,,,,,,,,,,,,,,,,,,,,,,,
2D DF DA DA DB 27,DB,F6,4,1,1,0,FC,,,,,,,,,,,,,,,,,,,,,,,,,,,,,,,
54 6F 6A 41 6B 05,6B,3F,4,1,2A,0,6E,,,,,,,,,,,,,,,,,,,,,,,,,,,,,,,
98 6F 6B 40 6B 49,6B,F3,4,0,2B,0,22,,,,,,,,,,,,,,,,,,,,,,,,,,,,,,,
04 6C 6B 69 69 6B 6B 6B 11,6B,6F,7,0,2,2,0,0,0,7A,,,,,,,,,,,,,,,,,,,,,,,,,,,,
9D 6F 6A 69 6B 96,6B,F6,4,1,2,0,FD,,,,,,,,,,,,,,,,,,,,,,,,,,,,,,,
Invalid message 6F 54 51 7B 50 3F,,,,,,,,,,,,,,,,,,,,,,,,,,,,,,,,,,,,,,
A3 54 50 7C 50 73,50,F3,4,0,2C,0,23,,,,,,,,,,,,,,,,,,,,,,,,,,,,,,,
Invalid message 3F 56 50 53 51 41 33 BD,,,,,,,,,,,,,,,,,,,,,,,,,,,,,,,,,,,,,,
A6 54 51 53 50 AE,50,F6,4,1,3,0,FE,,,,,,,,,,,,,,,,,,,,,,,,,,,,,,,
25 1E 1B 36 1A 6A,1A,3F,4,1,2C,0,70,,,,,,,,,,,,,,,,,,,,,,,,,,,,,,,
E9 1E 1A 37 1A 3E,1A,F3,4,0,2D,0,24,,,,,,,,,,,,,,,,,,,,,,,,,,,,,,,
75 1E 1A 16 1B 9A,1A,6F,4,0,0C,1,80,,,,,,,,,,,,,,,,,,,,,,,,,,,,,,,
EC 1E 1B 16 1A 1D,1A,F6,4,1,0C,0,7,,,,,,,,,,,,,,,,,,,,,,,,,,,,,,,
88 B3 B6 9A B7 C6,B7,3F,4,1,2D,0,71,,,,,,,,,,,,,,,,,,,,,,,,,,,,,,,
44 B3 B7 99 B7 92,B7,F3,4,0,2E,0,25,,,,,,,,,,,,,,,,,,,,,,,,,,,,,,,
CB F0 F5 DA F4 86,F4,3F,4,1,2E,0,72,,,,,,,,,,,,,,,,,,,,,,,,,,,,,,,
44 B3 B7 98 B7 91,B7,F3,4,0,2F,0,26,,,,,,,,,,,,,,,,,,,,,,,,,,,,,,,
CB F0 F5 DB F4 87,F4,3F,4,1,2F,0,73,,,,,,,,,,,,,,,,,,,,,,,,,,,,,,,
44 B3 B7 87 B7 90,B7,F3,4,0,30,0,27,,,,,,,,,,,,,,,,,,,,,,,,,,,,,,,
CB F0 F5 C4 F4 80,F4,3F,4,1,30,0,74,,,,,,,,,,,,,,,,,,,,,,,,,,,,,,,
44 B3 B7 86 B7 9F,B7,F3,4,0,31,0,28,,,,,,,,,,,,,,,,,,,,,,,,,,,,,,,
CB F0 F5 C5 F4 81,F4,3F,4,1,31,0,75,,,,,,,,,,,,,,,,,,,,,,,,,,,,,,,
44 B3 B7 85 B7 9E,B7,F3,4,0,32,0,29,,,,,,,,,,,,,,,,,,,,,,,,,,,,,,,
CB F0 F5 C6 F4 82,F4,3F,4,1,32,0,76,,,,,,,,,,,,,,,,,,,,,,,,,,,,,,,
44 B3 B7 84 B7 9D,B7,F3,4,0,33,0,2A,,,,,,,,,,,,,,,,,,,,,,,,,,,,,,,
CB F0 F5 C7 F4 83,F4,3F,4,1,33,0,77,,,,,,,,,,,,,,,,,,,,,,,,,,,,,,,
9B F0 F4 FA F4 75,F4,6F,4,0,0E,0,81,,,,,,,,,,,,,,,,,,,,,,,,,,,,,,,
44 B3 B7 83 B7 9C,B7,F3,4,0,34,0,2B,,,,,,,,,,,,,,,,,,,,,,,,,,,,,,,
0B 30 35 00 34 4C,34,3F,4,1,34,0,78,,,,,,,,,,,,,,,,,,,,,,,,,,,,,,,
44 B3 B7 82 B7 9B,B7,F3,4,0,35,0,2C,,,,,,,,,,,,,,,,,,,,,,,,,,,,,,,
44 B3 B7 81 B7 9A,B7,F3,4,0,36,0,2D,,,,,,,,,,,,,,,,,,,,,,,,,,,,,,,
44 B3 B7 80 B7 99,B7,F3,4,0,37,0,2E,,,,,,,,,,,,,,,,,,,,,,,,,,,,,,,
44 B3 B7 8F B7 98,B7,F3,4,0,38,0,2F,,,,,,,,,,,,,,,,,,,,,,,,,,,,,,,
44 B3 B7 8E B7 87,B7,F3,4,0,39,0,30,,,,,,,,,,,,,,,,,,,,,,,,,,,,,,,
44 B3 B7 8D B7 86,B7,F3,4,0,3A,0,31,,,,,,,,,,,,,,,,,,,,,,,,,,,,,,,
44 B3 B7 8C B7 85,B7,F3,4,0,3B,0,32,,,,,,,,,,,,,,,,,,,,,,,,,,,,,,,
44 B3 B7 8B B7 84,B7,F3,4,0,3C,0,33,,,,,,,,,,,,,,,,,,,,,,,,,,,,,,,
44 B3 B7 8A B7 83,B7,F3,4,0,3D,0,34,,,,,,,,,,,,,,,,,,,,,,,,,,,,,,,
44 B3 B7 89 B7 82,B7,F3,4,0,3E,0,35,,,,,,,,,,,,,,,,,,,,,,,,,,,,,,,
44 B3 B7 88 B7 81,B7,F3,4,0,3F,0,36,,,,,,,,,,,,,,,,,,,,,,,,,,,,,,,
0B 30 35 01 34 4D,34,3F,4,1,35,0,79,,,,,,,,,,,,,,,,,,,,,,,,,,,,,,,
0B 30 35 02 34 4E,34,3F,4,1,36,0,7A,,,,,,,,,,,,,,,,,,,,,,,,,,,,,,,
5B 30 34 3B 34 B6,34,6F,4,0,0F,0,82,,,,,,,,,,,,,,,,,,,,,,,,,,,,,,,
4B 70 75 4D 74 09,74,3F,4,1,39,0,7D,,,,,,,,,,,,,,,,,,,,,,,,,,,,,,,
4B 70 75 4F 74 0B,74,3F,4,1,3B,0,7F,,,,,,,,,,,,,,,,,,,,,,,,,,,,,,,
1B 70 74 64 74 F7,74,6F,4,0,10,0,83,,,,,,,,,,,,,,,,,,,,,,,,,,,,,,,
BD 86 83 BF 82 03,82,3F,4,1,3D,0,81,,,,,,,,,,,,,,,,,,,,,,,,,,,,,,,
BD 86 83 BD 82 01,82,3F,4,1,3F,0,83,,,,,,,,,,,,,,,,,,,,,,,,,,,,,,,
E4 04 00 01 00 E9,,,,,,,,,,,,,,,,,,,,,,,,,,,,,,,,,,,,,,
F3 04 00 40 00 37,,,,,,,,,,,,,,,,,,,,,,,,,,,,,,,,,,,,,,
Invalid message CC 86 83 83 82 D6,,,,,,,,,,,,,,,,,,,,,,,,,,,,,,,,,,,,,,
4E 0C 00 01 B6 37 CF E1 1D 04 69 15 02 99,,,,,,,,,,,,,,,,,,,,,,,,,,,,,,,,,,,,,,
3F 04 01 40 00 84,,,,,,,,,,,,,,,,,,,,,,,,,,,,,,,,,,,,,,
E4 04 01 01 00 EA,,,,,,,,,,,,,,,,,,,,,,,,,,,,,,,,,,,,,,
EF 18 1C 5D 1C 24,1C,F3,4,0,41,0,38,,,,,,,,,,,,,,,,,,,,,,,,,,,,,,,
23 18 1D 5D 1C 99,1C,3F,4,1,41,0,85,,,,,,,,,,,,,,,,,,,,,,,,,,,,,,,
73 18 1C 0D 1C 98,1C,6F,4,0,11,0,84,,,,,,,,,,,,,,,,,,,,,,,,,,,,,,,
EF 18 1C 5E 1C 25,1C,F3,4,0,42,0,39,,,,,,,,,,,,,,,,,,,,,,,,,,,,,,,
96 AD A8 EB A9 2F,A9,3F,4,1,42,0,86,,,,,,,,,,,,,,,,,,,,,,,,,,,,,,,
EF 18 1C 5F 1C 26,1C,F3,4,0,43,0,3A,,,,,,,,,,,,,,,,,,,,,,,,,,,,,,,
96 AD A8 EA A9 2E,A9,3F,4,1,43,0,87,,,,,,,,,,,,,,,,,,,,,,,,,,,,,,,
5A AD A9 EC A9 95,A9,F3,4,0,45,0,3C,,,,,,,,,,,,,,,,,,,,,,,,,,,,,,,
5A AD A9 EF A9 94,A9,F3,4,0,46,0,3D,,,,,,,,,,,,,,,,,,,,,,,,,,,,,,,
96 AD A8 EF A9 23,A9,3F,4,1,46,0,8A,,,,,,,,,,,,,,,,,,,,,,,,,,,,,,,
5A AD A9 EE A9 97,A9,F3,4,0,47,0,3E,,,,,,,,,,,,,,,,,,,,,,,,,,,,,,,
96 AD A8 EE A9 22,A9,3F,4,1,47,0,8B,,,,,,,,,,,,,,,,,,,,,,,,,,,,,,,
5A AD A9 E1 A9 96,A9,F3,4,0,48,0,3F,,,,,,,,,,,,,,,,,,,,,,,,,,,,,,,
C6 A3 A9 BB BD AB A2 A2 A0 A5 AB 67,A9,6F,0A,0,12,14,2,0B,0B,9,0C,2,CE,,,,,,,,,,,,,,,,,,,,,,,,,
9F A4 A1 E8 A0 2C,A0,3F,4,1,48,0,8C,,,,,,,,,,,,,,,,,,,,,,,,,,,,,,,
5F AD A8 BB A9 A4,A9,F6,4,1,12,0,0D,,,,,,,,,,,,,,,,,,,,,,,,,,,,,,,
53 A4 A0 E9 A0 E0,A0,F3,4,0,49,0,40,,,,,,,,,,,,,,,,,,,,,,,,,,,,,,,
9F A4 A1 E9 A0 2D,A0,3F,4,1,49,0,8D,,,,,,,,,,,,,,,,,,,,,,,,,,,,,,,
CF A4 A0 B3 A0 26,A0,6F,4,0,13,0,86,,,,,,,,,,,,,,,,,,,,,,,,,,,,,,,
56 A4 A1 B3 A0 AE,A0,F6,4,1,13,0,0E,,,,,,,,,,,,,,,,,,,,,,,,,,,,,,,
5E AC A8 AF A9 AA,A8,F6,4,0,7,1,2,,,,,,,,,,,,,,,,,,,,,,,,,,,,,,,
97 AC A9 E2 A8 26,A8,3F,4,1,4A,0,8E,,,,,,,,,,,,,,,,,,,,,,,,,,,,,,,
C7 A2 A8 BC A8 A8 A8 A8 A8 A8 A8 25,A8,6F,0A,0,14,0,0,0,0,0,0,0,8D,,,,,,,,,,,,,,,,,,,,,,,,,
8D E6 E3 E5 E2 99,E2,6F,4,1,7,0,7B,,,,,,,,,,,,,,,,,,,,,,,,,,,,,,,
14 E6 E3 F6 E2 ED,E2,F6,4,1,14,0,0F,,,,,,,,,,,,,,,,,,,,,,,,,,,,,,,
Invalid message F4 03 07 4C 07,,,,,,,,,,,,,,,,,,,,,,,,,,,,,,,,,,,,,,
68 10 07 12 07 4D 4A 46 5F 43 40 40 35 50 40 5D 37 37 35 37 34 32 06 05 F3,7,6F,17,0,15,0,4A,4D,41,58,44,47,47,32,57,47,5A,30,30,32,30,33,35,1,2,F4,,,,,,,,,,,,
Invalid message F1 03 06 12 07,,,,,,,,,,,,,,,,,,,,,,,,,,,,,,,,,,,,,,
92 65 61 2D 61 22,61,F3,4,0,4C,0,43,,,,,,,,,,,,,,,,,,,,,,,,,,,,,,,
92 65 61 2C 61 25,61,F3,4,0,4D,0,44,,,,,,,,,,,,,,,,,,,,,,,,,,,,,,,
DA 65 60 65 6E B2,61,BB,4,1,4,0F,D3,,,,,,,,,,,,,,,,,,,,,,,,,,,,,,,
AD 65 60 FC 6E 1C,61,CC,4,1,9D,0F,7D,,,,,,,,,,,,,,,,,,,,,,,,,,,,,,,
DA 65 60 0B 77 21,61,BB,4,1,6A,16,40,,,,,,,,,,,,,,,,,,,,,,,,,,,,,,,
92 65 61 2F 61 24,61,F3,4,0,4E,0,45,,,,,,,,,,,,,,,,,,,,,,,,,,,,,,,
AD 65 60 E5 77 0A,61,CC,4,1,84,16,6B,,,,,,,,,,,,,,,,,,,,,,,,,,,,,,,
DA 65 60 12 12 C7,61,BB,4,1,73,73,A6,,,,,,,,,,,,,,,,,,,,,,,,,,,,,,,
92 65 61 2E 61 27,61,F3,4,0,4F,0,46,,,,,,,,,,,,,,,,,,,,,,,,,,,,,,,
AD 65 60 80 12 44,61,CC,4,1,E1,73,25,,,,,,,,,,,,,,,,,,,,,,,,,,,,,,,
DA 65 60 77 AF C5,61,BB,4,1,16,CE,A4,,,,,,,,,,,,,,,,,,,,,,,,,,,,,,,
92 65 61 31 61 26,61,F3,4,0,50,0,47,,,,,,,,,,,,,,,,,,,,,,,,,,,,,,,
AD 65 60 3D AF 9A,61,CC,4,1,5C,CE,FB,,,,,,,,,,,,,,,,,,,,,,,,,,,,,,,
DA 65 60 CA FB 64,61,BB,4,1,AB,9A,5,,,,,,,,,,,,,,,,,,,,,,,,,,,,,,,
0E 6A 61 77 63 E6 5F A9 7F E8 5F 61 65,61,6F,0B,0,16,2,87,3E,C8,1E,89,3E,0,4,,,,,,,,,,,,,,,,,,,,,,,,
97 65 60 77 61 70,61,F6,4,1,16,0,11,,,,,,,,,,,,,,,,,,,,,,,,,,,,,,,
C3 0B 0E 02 95 77,0F,CC,4,1,0D,9A,78,,,,,,,,,,,,,,,,,,,,,,,,,,,,,,,
B4 0B 0E F0 75 36,0F,BB,4,1,FF,7A,39,,,,,,,,,,,,,,,,,,,,,,,,,,,,,,,
FC 0B 0F 5E 0F 47,0F,F3,4,0,51,0,48,,,,,,,,,,,,,,,,,,,,,,,,,,,,,,,
FC 0B 0F 5D 0F 46,0F,F3,4,0,52,0,49,,,,,,,,,,,,,,,,,,,,,,,,,,,,,,,
C3 0B 0E 02 FE C0,0F,CC,4,1,0D,F1,CF,,,,,,,,,,,,,,,,,,,,,,,,,,,,,,,
B4 0B 0E F5 6C 12,0F,BB,4,1,FA,63,1D,,,,,,,,,,,,,,,,,,,,,,,,,,,,,,,
FC 0B 0F 5C 0F 45,0F,F3,4,0,53,0,4A,,,,,,,,,,,,,,,,,,,,,,,,,,,,,,,
C3 0B 0E 90 6C DC,0F,CC,4,1,9F,63,D3,,,,,,,,,,,,,,,,,,,,,,,,,,,,,,,
B4 0B 0E 67 89 A1,0F,BB,4,1,68,86,AE,,,,,,,,,,,,,,,,,,,,,,,,,,,,,,,
FC 0B 0F 5B 0F 44,0F,F3,4,0,54,0,4B,,,,,,,,,,,,,,,,,,,,,,,,,,,,,,,
C3 0B 0E 75 89 DE,0F,CC,4,1,7A,86,D1,,,,,,,,,,,,,,,,,,,,,,,,,,,,,,,
B4 0B 0E 82 15 68,0F,BB,4,1,8D,1A,67,,,,,,,,,,,,,,,,,,,,,,,,,,,,,,,
FC 0B 0F 5A 0F 43,0F,F3,4,0,55,0,4C,,,,,,,,,,,,,,,,,,,,,,,,,,,,,,,
C3 0B 0E E9 15 DE,0F,CC,4,1,E6,1A,D1,,,,,,,,,,,,,,,,,,,,,,,,,,,,,,,
B4 0B 0E 1E D1 A0,0F,BB,4,1,11,DE,AF,,,,,,,,,,,,,,,,,,,,,,,,,,,,,,,
60 0B 0F 18 0E 84,0F,6F,4,0,17,1,8B,,,,,,,,,,,,,,,,,,,,,,,,,,,,,,,
E4 04 00 01 00 E9,,,,,,,,,,,,,,,,,,,,,,,,,,,,,,,,,,,,,,
F3 04 00 56 00 4D,,,,,,,,,,,,,,,,,,,,,,,,,,,,,,,,,,,,,,
58 12 17 17 16 42,16,4E,4,1,1,0,54,,,,,,,,,,,,,,,,,,,,,,,,,,,,,,,
4E 0C 00 01 3F 58 F2 3F 50 7A 3F 50 02 7E,,,,,,,,,,,,,,,,,,,,,,,,,,,,,,,,,,,,,,
3F 04 01 56 00 9A,,,,,,,,,,,,,,,,,,,,,,,,,,,,,,,,,,,,,,
E4 04 01 01 00 EA,,,,,,,,,,,,,,,,,,,,,,,,,,,,,,,,,,,,,,
5C AB AF F8 AF E1,AF,F3,4,0,57,0,4E,,,,,,,,,,,,,,,,,,,,,,,,,,,,,,,
90 AB AE F8 AF 34,AF,3F,4,1,57,0,9B,,,,,,,,,,,,,,,,,,,,,,,,,,,,,,,
5C AB AF F7 AF E0,AF,F3,4,0,58,0,4F,,,,,,,,,,,,,,,,,,,,,,,,,,,,,,,
90 AB AE F7 AF 33,AF,3F,4,1,58,0,9C,,,,,,,,,,,,,,,,,,,,,,,,,,,,,,,
5C AB AF F6 AF FF,AF,F3,4,0,59,0,50,,,,,,,,,,,,,,,,,,,,,,,,,,,,,,,
90 AB AE F6 AF 32,AF,3F,4,1,59,0,9D,,,,,,,,,,,,,,,,,,,,,,,,,,,,,,,
5C AB AF F5 AF FE,AF,F3,4,0,5A,0,51,,,,,,,,,,,,,,,,,,,,,,,,,,,,,,,
90 AB AE F5 AF 31,AF,3F,4,1,5A,0,9E,,,,,,,,,,,,,,,,,,,,,,,,,,,,,,,
C0 BC AF B7 50 50 50 50 A8 50 50 B0 50 50 50 50 A8 50 50 B0 75,AF,6F,13,0,18,FF,FF,FF,FF,7,FF,FF,1F,FF,FF,FF,FF,7,FF,FF,1F,DA,,,,,,,,,,,,,,,,
59 AB AE B7 AF BC,AF,F6,4,1,18,0,13,,,,,,,,,,,,,,,,,,,,,,,,,,,,,,,
8A 7D 79 22 79 2B,79,F3,4,0,5B,0,52,,,,,,,,,,,,,,,,,,,,,,,,,,,,,,,
46 7D 78 22 79 E6,79,3F,4,1,5B,0,9F,,,,,,,,,,,,,,,,,,,,,,,,,,,,,,,
16 75 79 60 78 86 86 86 86 7E 86 86 66 CC,79,6F,0C,0,19,1,FF,FF,FF,FF,7,FF,FF,1F,B5,,,,,,,,,,,,,,,,,,,,,,,
8F 7D 78 60 79 6D,79,F6,4,1,19,0,14,,,,,,,,,,,,,,,,,,,,,,,,,,,,,,,
07 F0 F4 A8 F4 A7,F4,F3,4,0,5C,0,53,,,,,,,,,,,,,,,,,,,,,,,,,,,,,,,
CB F0 F5 A8 F4 54,F4,3F,4,1,5C,0,A0,,,,,,,,,,,,,,,,,,,,,,,,,,,,,,,
9B F0 F4 F9 F5 75,F4,6F,4,0,0D,1,81,,,,,,,,,,,,,,,,,,,,,,,,,,,,,,,
02 F0 F5 F9 F4 FC,F4,F6,4,1,0D,0,8,,,,,,,,,,,,,,,,,,,,,,,,,,,,,,,
41 B6 B2 EF B2 E6,B2,F3,4,0,5D,0,54,,,,,,,,,,,,,,,,,,,,,,,,,,,,,,,
8D B6 B3 EF B2 13,B2,3F,4,1,5D,0,A1,,,,,,,,,,,,,,,,,,,,,,,,,,,,,,,
DD B6 B2 BC B2 33,B2,6F,4,0,0E,0,81,,,,,,,,,,,,,,,,,,,,,,,,,,,,,,,
41 B6 B2 EC B2 E7,B2,F3,4,0,5E,0,55,,,,,,,,,,,,,,,,,,,,,,,,,,,,,,,
1E 25 20 7F 21 83,21,3F,4,1,5E,0,A2,,,,,,,,,,,,,,,,,,,,,,,,,,,,,,,
44 B6 B3 BC B2 BB,B2,F6,4,1,0E,0,9,,,,,,,,,,,,,,,,,,,,,,,,,,,,,,,
Invalid message 4E 25 21 2E 21 A3,,,,,,,,,,,,,,,,,,,,,,,,,,,,,,,,,,,,,,
D2 25 21 7E 21 77,21,F3,4,0,5F,0,56,,,,,,,,,,,,,,,,,,,,,,,,,,,,,,,
D7 25 20 2E 21 2B,21,F6,4,1,0F,0,0A,,,,,,,,,,,,,,,,,,,,,,,,,,,,,,,
AE 95 90 CE 91 32,91,3F,4,1,5F,0,A3,,,,,,,,,,,,,,,,,,,,,,,,,,,,,,,
FE 95 91 81 91 12,91,6F,4,0,10,0,83,,,,,,,,,,,,,,,,,,,,,,,,,,,,,,,
67 95 90 81 91 9A,91,F6,4,1,10,0,0B,,,,,,,,,,,,,,,,,,,,,,,,,,,,,,,
A0 57 53 33 53 04,53,F3,4,0,60,0,57,,,,,,,,,,,,,,,,,,,,,,,,,,,,,,,
6C 57 52 33 53 F7,53,3F,4,1,60,0,A4,,,,,,,,,,,,,,,,,,,,,,,,,,,,,,,
3C 57 53 42 53 D7,53,6F,4,0,11,0,84,,,,,,,,,,,,,,,,,,,,,,,,,,,,,,,
A5 57 52 42 53 5F,53,F6,4,1,11,0,0C,,,,,,,,,,,,,,,,,,,,,,,,,,,,,,,
BD 4A 4E 2F 4E 16,4E,F3,4,0,61,0,58,,,,,,,,,,,,,,,,,,,,,,,,,,,,,,,
71 4A 4F 2F 4E EB,4E,3F,4,1,61,0,A5,,,,,,,,,,,,,,,,,,,,,,,,,,,,,,,
21 59 4E 5B 4E 04 03 0F 16 0A 09 09 7C 19 09 14 7E 7E 7C 7E 7D 7B 4F 4C BA,4E,6F,17,0,15,0,4A,4D,41,58,44,47,47,32,57,47,5A,30,30,32,30,33,35,1,2,F4,,,,,,,,,,,,
B8 4A 4F 5B 4E 5E,4E,F6,4,1,15,0,10,,,,,,,,,,,,,,,,,,,,,,,,,,,,,,,
14 E3 E7 85 E7 BE,E7,F3,4,0,62,0,59,,,,,,,,,,,,,,,,,,,,,,,,,,,,,,,
D8 E3 E6 85 E7 41,E7,3F,4,1,62,0,A6,,,,,,,,,,,,,,,,,,,,,,,,,,,,,,,
14 E3 E7 84 E7 BD,E7,F3,4,0,63,0,5A,,,,,,,,,,,,,,,,,,,,,,,,,,,,,,,
14 E3 E7 E7 E7 10,E7,F3,4,0,0,0,F7,,,,,,,,,,,,,,,,,,,,,,,,,,,,,,,
14 E3 E7 E6 E7 1F,E7,F3,4,0,1,0,F8,,,,,,,,,,,,,,,,,,,,,,,,,,,,,,,
14 E3 E7 E5 E7 1E,E7,F3,4,0,2,0,F9,,,,,,,,,,,,,,,,,,,,,,,,,,,,,,,
14 E3 E7 E4 E7 1D,E7,F3,4,0,3,0,FA,,,,,,,,,,,,,,,,,,,,,,,,,,,,,,,
14 E3 E7 E3 E7 1C,E7,F3,4,0,4,0,FB,,,,,,,,,,,,,,,,,,,,,,,,,,,,,,,
14 E3 E7 E2 E7 1B,E7,F3,4,0,5,0,FC,,,,,,,,,,,,,,,,,,,,,,,,,,,,,,,
14 E3 E7 E1 E7 1A,E7,F3,4,0,6,0,FD,,,,,,,,,,,,,,,,,,,,,,,,,,,,,,,
14 E3 E7 E0 E7 19,E7,F3,4,0,7,0,FE,,,,,,,,,,,,,,,,,,,,,,,,,,,,,,,
14 E3 E7 EF E7 18,E7,F3,4,0,8,0,FF,,,,,,,,,,,,,,,,,,,,,,,,,,,,,,,
88 EC E7 F1 E5 60 D9 2F F9 6E D9 E7 E3,E7,6F,0B,0,16,2,87,3E,C8,1E,89,3E,0,4,,,,,,,,,,,,,,,,,,,,,,,,
E7 DC D9 BB D8 7F,D8,3F,4,1,63,0,A7,,,,,,,,,,,,,,,,,,,,,,,,,,,,,,,
E7 DC D9 D8 D8 9C,D8,3F,4,1,0,0,44,,,,,,,,,,,,,,,,,,,,,,,,,,,,,,,
E7 DC D9 D9 D8 9D,D8,3F,4,1,1,0,45,,,,,,,,,,,,,,,,,,,,,,,,,,,,,,,
B7 DC D8 CF D9 53,D8,6F,4,0,17,1,8B,,,,,,,,,,,,,,,,,,,,,,,,,,,,,,,
EF D4 D1 D3 D0 97,D0,3F,4,1,3,0,47,,,,,,,,,,,,,,,,,,,,,,,,,,,,,,,
EF D4 D1 D5 D0 99,D0,3F,4,1,5,0,49,,,,,,,,,,,,,,,,,,,,,,,,,,,,,,,
FF D3 D0 D1 E3,D0,2F,3,0,1,33,,,,,,,,,,,,,,,,,,,,,,,,,,,,,,,,
EF D4 D1 D7 D0 9B,D0,3F,4,1,7,0,4B,,,,,,,,,,,,,,,,,,,,,,,,,,,,,,,
11 E3 E6 F1 E7 F6,E7,F6,4,1,16,0,11,,,,,,,,,,,,,,,,,,,,,,,,,,,,,,,
2E DC D9 CF D8 CA,D8,F6,4,1,17,0,12,,,,,,,,,,,,,,,,,,,,,,,,,,,,,,,
BF DB D0 C6 D2 57 EE 18 CE 59 EE D0 D4,D0,6F,0B,0,16,2,87,3E,C8,1E,89,3E,0,4,,,,,,,,,,,,,,,,,,,,,,,,
26 D4 D1 C6 D0 C1,D0,F6,4,1,16,0,11,,,,,,,,,,,,,,,,,,,,,,,,,,,,,,,
79 42 47 4F 46 0B,46,3F,4,1,9,0,4D,,,,,,,,,,,,,,,,,,,,,,,,,,,,,,,
29 42 46 51 47 CD,46,6F,4,0,17,1,8B,,,,,,,,,,,,,,,,,,,,,,,,,,,,,,,
D2 B6 BD AB BF FC BB FF BB BE 43 BD 9F,BD,6F,0B,0,16,2,41,6,42,6,3,FE,0,22,,,,,,,,,,,,,,,,,,,,,,,,
B0 42 47 51 46 54,46,F6,4,1,17,0,12,,,,,,,,,,,,,,,,,,,,,,,,,,,,,,,
4B B9 BC AB BD AC,BD,F6,4,1,16,0,11,,,,,,,,,,,,,,,,,,,,,,,,,,,,,,,
10 E7 E3 E8 E3 E1,E3,F3,4,0,0B,0,2,,,,,,,,,,,,,,,,,,,,,,,,,,,,,,,
DC E7 E2 E9 E3 AD,E3,3F,4,1,0A,0,4E,,,,,,,,,,,,,,,,,,,,,,,,,,,,,,,
10 E7 E3 EF E3 E0,E3,F3,4,0,0C,0,3,,,,,,,,,,,,,,,,,,,,,,,,,,,,,,,
DC E7 E2 EF E3 B3,E3,3F,4,1,0C,0,50,,,,,,,,,,,,,,,,,,,,,,,,,,,,,,,
10 E7 E3 EE E3 E7,E3,F3,4,0,0D,0,4,,,,,,,,,,,,,,,,,,,,,,,,,,,,,,,
DC E7 E2 EE E3 B2,E3,3F,4,1,0D,0,51,,,,,,,,,,,,,,,,,,,,,,,,,,,,,,,
8C E8 E3 F5 E1 6E FD ED E5 AC E5 E3 45,E3,6F,0B,0,16,2,8D,1E,0E,6,4F,6,0,A6,,,,,,,,,,,,,,,,,,,,,,,,
15 E7 E2 F5 E3 F2,E3,F6,4,1,16,0,11,,,,,,,,,,,,,,,,,,,,,,,,,,,,,,,
5D AA AE A0 AE AB,AE,F3,4,0,0E,0,5,,,,,,,,,,,,,,,,,,,,,,,,,,,,,,,
91 AA AF A0 AE FC,AE,3F,4,1,0E,0,52,,,,,,,,,,,,,,,,,,,,,,,,,,,,,,,
5D AA AE A1 AE A8,AE,F3,4,0,0F,0,6,,,,,,,,,,,,,,,,,,,,,,,,,,,,,,,
91 AA AF A1 AE FD,AE,3F,4,1,0F,0,53,,,,,,,,,,,,,,,,,,,,,,,,,,,,,,,
5D AA AE BE AE A9,AE,F3,4,0,10,0,7,,,,,,,,,,,,,,,,,,,,,,,,,,,,,,,
5D AA AE BF AE A6,AE,F3,4,0,11,0,8,,,,,,,,,,,,,,,,,,,,,,,,,,,,,,,
5D AA AE BC AE A7,AE,F3,4,0,12,0,9,,,,,,,,,,,,,,,,,,,,,,,,,,,,,,,
5D AA AE BD AE A4,AE,F3,4,0,13,0,0A,,,,,,,,,,,,,,,,,,,,,,,,,,,,,,,
5D AA AE BA AE A5,AE,F3,4,0,14,0,0B,,,,,,,,,,,,,,,,,,,,,,,,,,,,,,,
58 A5 AE AB BA AC A5 A5 A7 BA AC AF FC,AE,F6,0B,0,5,14,2,0B,0B,9,14,2,1,52,,,,,,,,,,,,,,,,,,,,,,,,
5A AD A9 BC A9 A5,A9,F3,4,0,15,0,0C,,,,,,,,,,,,,,,,,,,,,,,,,,,,,,,
5A AD A9 BF A9 A4,A9,F3,4,0,16,0,0D,,,,,,,,,,,,,,,,,,,,,,,,,,,,,,,
5A AD A9 BE A9 A7,A9,F3,4,0,17,0,0E,,,,,,,,,,,,,,,,,,,,,,,,,,,,,,,
5A AD A9 B1 A9 A6,A9,F3,4,0,18,0,0F,,,,,,,,,,,,,,,,,,,,,,,,,,,,,,,
5A AD A9 B0 A9 B9,A9,F3,4,0,19,0,10,,,,,,,,,,,,,,,,,,,,,,,,,,,,,,,
C1 A5 AE B8 AC B8 B0 F9 A8 76 AF AE 52,AE,6F,0B,0,16,2,16,1E,57,6,D8,1,0,FC,,,,,,,,,,,,,,,,,,,,,,,,
96 AD A8 B9 A9 FD,A9,3F,4,1,10,0,54,,,,,,,,,,,,,,,,,,,,,,,,,,,,,,,
96 AD A8 B8 A9 FC,A9,3F,4,1,11,0,55,,,,,,,,,,,,,,,,,,,,,,,,,,,,,,,
96 AD A8 BB A9 FF,A9,3F,4,1,12,0,56,,,,,,,,,,,,,,,,,,,,,,,,,,,,,,,
C6 A2 A9 BF AB BF B7 FE AF 71 A8 A9 55,A9,6F,0B,0,16,2,16,1E,57,6,D8,1,0,FC,,,,,,,,,,,,,,,,,,,,,,,,
10 2B 2E 3B 2F 77,2F,3F,4,1,14,0,58,,,,,,,,,,,,,,,,,,,,,,,,,,,,,,,
94 2B 2E DB 86 72,2F,BB,4,1,F4,A9,5D,,,,,,,,,,,,,,,,,,,,,,,,,,,,,,,
10 2B 2E 37 2F 73,2F,3F,4,1,18,0,5C,,,,,,,,,,,,,,,,,,,,,,,,,,,,,,,
5A AD A9 B3 A9 B8,A9,F3,4,0,1A,0,11,,,,,,,,,,,,,,,,,,,,,,,,,,,,,,,
Invalid message 31 78 29 F7 2E 2F D3,,,,,,,,,,,,,,,,,,,,,,,,,,,,,,,,,,,,,,
5A AD A9 B2 A9 BB,A9,F3,4,0,1B,0,12,,,,,,,,,,,,,,,,,,,,,,,,,,,,,,,
7A 41 44 5E 45 1A,45,3F,4,1,1B,0,5F,,,,,,,,,,,,,,,,,,,,,,,,,,,,,,,
5A AD A9 B5 A9 BA,A9,F3,4,0,1C,0,13,,,,,,,,,,,,,,,,,,,,,,,,,,,,,,,
7A 41 44 59 45 25,45,3F,4,1,1C,0,60,,,,,,,,,,,,,,,,,,,,,,,,,,,,,,,
5A AD A9 B4 A9 BD,A9,F3,4,0,1D,0,14,,,,,,,,,,,,,,,,,,,,,,,,,,,,,,,
7A 41 44 58 45 24,45,3F,4,1,1D,0,61,,,,,,,,,,,,,,,,,,,,,,,,,,,,,,,
5A AD A9 B7 A9 BC,A9,F3,4,0,1E,0,15,,,,,,,,,,,,,,,,,,,,,,,,,,,,,,,
7A 41 44 5B 45 27,45,3F,4,1,1E,0,62,,,,,,,,,,,,,,,,,,,,,,,,,,,,,,,
5A AD A9 B6 A9 BF,A9,F3,4,0,1F,0,16,,,,,,,,,,,,,,,,,,,,,,,,,,,,,,,
7A 41 44 5A 45 26,45,3F,4,1,1F,0,63,,,,,,,,,,,,,,,,,,,,,,,,,,,,,,,
2A 4E 45 53 47 53 5B 12 43 9D 44 45 B9,45,6F,0B,0,16,2,16,1E,57,6,D8,1,0,FC,,,,,,,,,,,,,,,,,,,,,,,,
5A AD A9 89 A9 BE,A9,F3,4,0,20,0,17,,,,,,,,,,,,,,,,,,,,,,,,,,,,,,,
5A AD A9 88 A9 B1,A9,F3,4,0,21,0,18,,,,,,,,,,,,,,,,,,,,,,,,,,,,,,,
CD F6 F3 D2 F2 96,F2,3F,4,1,20,0,64,,,,,,,,,,,,,,,,,,,,,,,,,,,,,,,
5A AD A9 8A A9 B3,A9,F3,4,0,23,0,1A,,,,,,,,,,,,,,,,,,,,,,,,,,,,,,,
CD F6 F3 D1 F2 95,F2,3F,4,1,23,0,67,,,,,,,,,,,,,,,,,,,,,,,,,,,,,,,
5A AD A9 8D A9 B2,A9,F3,4,0,24,0,1B,,,,,,,,,,,,,,,,,,,,,,,,,,,,,,,
CD F6 F3 D6 F2 9A,F2,3F,4,1,24,0,68,,,,,,,,,,,,,,,,,,,,,,,,,,,,,,,
5A AD A9 8C A9 B5,A9,F3,4,0,25,0,1C,,,,,,,,,,,,,,,,,,,,,,,,,,,,,,,
CD F6 F3 D7 F2 9B,F2,3F,4,1,25,0,69,,,,,,,,,,,,,,,,,,,,,,,,,,,,,,,
9D F9 F2 E4 F0 E4 EC A5 F4 2A F3 F2 0E,F2,6F,0B,0,16,2,16,1E,57,6,D8,1,0,FC,,,,,,,,,,,,,,,,,,,,,,,,
5A AD A9 8F A9 B4,A9,F3,4,0,26,0,1D,,,,,,,,,,,,,,,,,,,,,,,,,,,,,,,
25 1E 1B 3C 1A 70,1A,3F,4,1,26,0,6A,,,,,,,,,,,,,,,,,,,,,,,,,,,,,,,
5A AD A9 8E A9 B7,A9,F3,4,0,27,0,1E,,,,,,,,,,,,,,,,,,,,,,,,,,,,,,,
25 1E 1B 3D 1A 71,1A,3F,4,1,27,0,6B,,,,,,,,,,,,,,,,,,,,,,,,,,,,,,,
5A AD A9 81 A9 B6,A9,F3,4,0,28,0,1F,,,,,,,,,,,,,,,,,,,,,,,,,,,,,,,
25 1E 1B 32 1A 76,1A,3F,4,1,28,0,6C,,,,,,,,,,,,,,,,,,,,,,,,,,,,,,,
5A AD A9 80 A9 89,A9,F3,4,0,29,0,20,,,,,,,,,,,,,,,,,,,,,,,,,,,,,,,
25 1E 1B 33 1A 77,1A,3F,4,1,29,0,6D,,,,,,,,,,,,,,,,,,,,,,,,,,,,,,,
5A AD A9 83 A9 88,A9,F3,4,0,2A,0,21,,,,,,,,,,,,,,,,,,,,,,,,,,,,,,,
75 11 1A 0C 18 0C 04 4D 1C C2 1B 1A E6,1A,6F,0B,0,16,2,16,1E,57,6,D8,1,0,FC,,,,,,,,,,,,,,,,,,,,,,,,
70 4B 4E 65 4F 21,4F,3F,4,1,2A,0,6E,,,,,,,,,,,,,,,,,,,,,,,,,,,,,,,
5A AD A9 82 A9 8B,A9,F3,4,0,2B,0,22,,,,,,,,,,,,,,,,,,,,,,,,,,,,,,,
70 4B 4E 64 4F 20,4F,3F,4,1,2B,0,6F,,,,,,,,,,,,,,,,,,,,,,,,,,,,,,,
5A AD A9 85 A9 8A,A9,F3,4,0,2C,0,23,,,,,,,,,,,,,,,,,,,,,,,,,,,,,,,
70 4B 4E 63 4F 3F,4F,3F,4,1,2C,0,70,,,,,,,,,,,,,,,,,,,,,,,,,,,,,,,
5A AD A9 84 A9 8D,A9,F3,4,0,2D,0,24,,,,,,,,,,,,,,,,,,,,,,,,,,,,,,,
70 4B 4E 62 4F 3E,4F,3F,4,1,2D,0,71,,,,,,,,,,,,,,,,,,,,,,,,,,,,,,,
5A AD A9 87 A9 8C,A9,F3,4,0,2E,0,25,,,,,,,,,,,,,,,,,,,,,,,,,,,,,,,
70 4B 4E 61 4F 3D,4F,3F,4,1,2E,0,72,,,,,,,,,,,,,,,,,,,,,,,,,,,,,,,
5A AD A9 86 A9 8F,A9,F3,4,0,2F,0,26,,,,,,,,,,,,,,,,,,,,,,,,,,,,,,,
70 4B 4E 60 4F 3C,4F,3F,4,1,2F,0,73,,,,,,,,,,,,,,,,,,,,,,,,,,,,,,,
5A AD A9 99 A9 8E,A9,F3,4,0,30,0,27,,,,,,,,,,,,,,,,,,,,,,,,,,,,,,,
20 44 4F 59 4D 59 51 18 49 97 4E 4F B3,4F,6F,0B,0,16,2,16,1E,57,6,D8,1,0,FC,,,,,,,,,,,,,,,,,,,,,,,,
26 1D 18 29 19 6D,19,3F,4,1,30,0,74,,,,,,,,,,,,,,,,,,,,,,,,,,,,,,,
5A AD A9 98 A9 81,A9,F3,4,0,31,0,28,,,,,,,,,,,,,,,,,,,,,,,,,,,,,,,
26 1D 18 28 19 6C,19,3F,4,1,31,0,75,,,,,,,,,,,,,,,,,,,,,,,,,,,,,,,
5A AD A9 9B A9 80,A9,F3,4,0,32,0,29,,,,,,,,,,,,,,,,,,,,,,,,,,,,,,,
26 1D 18 2B 19 6F,19,3F,4,1,32,0,76,,,,,,,,,,,,,,,,,,,,,,,,,,,,,,,
5A AD A9 9A A9 83,A9,F3,4,0,33,0,2A,,,,,,,,,,,,,,,,,,,,,,,,,,,,,,,
26 1D 18 2A 19 6E,19,3F,4,1,33,0,77,,,,,,,,,,,,,,,,,,,,,,,,,,,,,,,
5A AD A9 9D A9 82,A9,F3,4,0,34,0,2B,,,,,,,,,,,,,,,,,,,,,,,,,,,,,,,
26 1D 18 2D 19 61,19,3F,4,1,34,0,78,,,,,,,,,,,,,,,,,,,,,,,,,,,,,,,
76 12 19 0F 1B 0F 07 4E 1F C1 18 19 E5,19,6F,0B,0,16,2,16,1E,57,6,D8,1,0,FC,,,,,,,,,,,,,,,,,,,,,,,,
5A AD A9 9C A9 85,A9,F3,4,0,35,0,2C,,,,,,,,,,,,,,,,,,,,,,,,,,,,,,,
05 3E 3B 0F 3A 43,3A,3F,4,1,35,0,79,,,,,,,,,,,,,,,,,,,,,,,,,,,,,,,
5A AD A9 9F A9 84,A9,F3,4,0,36,0,2D,,,,,,,,,,,,,,,,,,,,,,,,,,,,,,,
05 3E 3B 0C 3A 40,3A,3F,4,1,36,0,7A,,,,,,,,,,,,,,,,,,,,,,,,,,,,,,,
5A AD A9 9E A9 87,A9,F3,4,0,37,0,2E,,,,,,,,,,,,,,,,,,,,,,,,,,,,,,,
05 3E 3B 0D 3A 41,3A,3F,4,1,37,0,7B,,,,,,,,,,,,,,,,,,,,,,,,,,,,,,,
5A AD A9 91 A9 86,A9,F3,4,0,38,0,2F,,,,,,,,,,,,,,,,,,,,,,,,,,,,,,,
05 3E 3B 02 3A 46,3A,3F,4,1,38,0,7C,,,,,,,,,,,,,,,,,,,,,,,,,,,,,,,
5A AD A9 90 A9 99,A9,F3,4,0,39,0,30,,,,,,,,,,,,,,,,,,,,,,,,,,,,,,,
05 3E 3B 03 3A 47,3A,3F,4,1,39,0,7D,,,,,,,,,,,,,,,,,,,,,,,,,,,,,,,
5A AD A9 93 A9 98,A9,F3,4,0,3A,0,31,,,,,,,,,,,,,,,,,,,,,,,,,,,,,,,
55 31 3A 2C 38 2C 24 6D 3C E2 3B 3A C6,3A,6F,0B,0,16,2,16,1E,57,6,D8,1,0,FC,,,,,,,,,,,,,,,,,,,,,,,,
5A 61 64 5F 65 1B,65,3F,4,1,3A,0,7E,,,,,,,,,,,,,,,,,,,,,,,,,,,,,,,
5A AD A9 92 A9 9B,A9,F3,4,0,3B,0,32,,,,,,,,,,,,,,,,,,,,,,,,,,,,,,,
5A 61 64 5E 65 1A,65,3F,4,1,3B,0,7F,,,,,,,,,,,,,,,,,,,,,,,,,,,,,,,
5A AD A9 95 A9 9A,A9,F3,4,0,3C,0,33,,,,,,,,,,,,,,,,,,,,,,,,,,,,,,,
5A 61 64 59 65 E5,65,3F,4,1,3C,0,80,,,,,,,,,,,,,,,,,,,,,,,,,,,,,,,
5A AD A9 94 A9 9D,A9,F3,4,0,3D,0,34,,,,,,,,,,,,,,,,,,,,,,,,,,,,,,,
5A 61 64 58 65 E4,65,3F,4,1,3D,0,81,,,,,,,,,,,,,,,,,,,,,,,,,,,,,,,
5A AD A9 97 A9 9C,A9,F3,4,0,3E,0,35,,,,,,,,,,,,,,,,,,,,,,,,,,,,,,,
5A 61 64 5B 65 E7,65,3F,4,1,3E,0,82,,,,,,,,,,,,,,,,,,,,,,,,,,,,,,,
5A AD A9 96 A9 9F,A9,F3,4,0,3F,0,36,,,,,,,,,,,,,,,,,,,,,,,,,,,,,,,
5A 61 64 5A 65 E6,65,3F,4,1,3F,0,83,,,,,,,,,,,,,,,,,,,,,,,,,,,,,,,
0A 6E 65 73 67 73 7B 32 63 BD 64 65 99,65,6F,0B,0,16,2,16,1E,57,6,D8,1,0,FC,,,,,,,,,,,,,,,,,,,,,,,,
5A AD A9 E9 A9 9E,A9,F3,4,0,40,0,37,,,,,,,,,,,,,,,,,,,,,,,,,,,,,,,
A0 9B 9E DF 9F 1B,9F,3F,4,1,40,0,84,,,,,,,,,,,,,,,,,,,,,,,,,,,,,,,
5A AD A9 E8 A9 91,A9,F3,4,0,41,0,38,,,,,,,,,,,,,,,,,,,,,,,,,,,,,,,
5A AD A9 EB A9 90,A9,F3,4,0,42,0,39,,,,,,,,,,,,,,,,,,,,,,,,,,,,,,,
5A AD A9 EA A9 93,A9,F3,4,0,43,0,3A,,,,,,,,,,,,,,,,,,,,,,,,,,,,,,,
A0 9B 9E DD 9F 19,9F,3F,4,1,42,0,86,,,,,,,,,,,,,,,,,,,,,,,,,,,,,,,
5A AD A9 ED A9 92,A9,F3,4,0,44,0,3B,,,,,,,,,,,,,,,,,,,,,,,,,,,,,,,
A0 9B 9E DB 9F 17,9F,3F,4,1,44,0,88,,,,,,,,,,,,,,,,,,,,,,,,,,,,,,,
F0 94 9F 89 9D 89 81 C8 99 47 9E 9F 63,9F,6F,0B,0,16,2,16,1E,57,6,D8,1,0,FC,,,,,,,,,,,,,,,,,,,,,,,,
5A AD A9 EC A9 95,A9,F3,4,0,45,0,3C,,,,,,,,,,,,,,,,,,,,,,,,,,,,,,,
01 3A 3F 7B 3E B7,3E,3F,4,1,45,0,89,,,,,,,,,,,,,,,,,,,,,,,,,,,,,,,
5F A2 A9 AC BD AB A2 A2 A0 B3 AB A8 F1,A9,F6,0B,0,5,14,2,0B,0B,9,1A,2,1,58,,,,,,,,,,,,,,,,,,,,,,,,
51 3A 3F 3B 3E 47,3E,6F,4,1,5,0,79,,,,,,,,,,,,,,,,,,,,,,,,,,,,,,,
DC 2B 2F 69 2F 12,2F,F3,4,0,46,0,3D,,,,,,,,,,,,,,,,,,,,,,,,,,,,,,,
7E 45 40 07 41 CB,41,3F,4,1,46,0,8A,,,,,,,,,,,,,,,,,,,,,,,,,,,,,,,
DC 2B 2F 68 2F 11,2F,F3,4,0,47,0,3E,,,,,,,,,,,,,,,,,,,,,,,,,,,,,,,
7E 45 40 06 41 CA,41,3F,4,1,47,0,8B,,,,,,,,,,,,,,,,,,,,,,,,,,,,,,,
DC 2B 2F 67 2F 10,2F,F3,4,0,48,0,3F,,,,,,,,,,,,,,,,,,,,,,,,,,,,,,,
7E 45 40 09 41 CD,41,3F,4,1,48,0,8C,,,,,,,,,,,,,,,,,,,,,,,,,,,,,,,
2E 4B 41 53 55 43 4A 4A 48 5B 43 9D,41,6F,0A,0,12,14,2,0B,0B,9,1A,2,DC,,,,,,,,,,,,,,,,,,,,,,,,,
DC 2B 2F 66 2F 6F,2F,F3,4,0,49,0,40,,,,,,,,,,,,,,,,,,,,,,,,,,,,,,,
73 48 4D 05 4C C1,4C,3F,4,1,49,0,8D,,,,,,,,,,,,,,,,,,,,,,,,,,,,,,,
DC 2B 2F 65 2F 6E,2F,F3,4,0,4A,0,41,,,,,,,,,,,,,,,,,,,,,,,,,,,,,,,
73 48 4D 06 4C C2,4C,3F,4,1,4A,0,8E,,,,,,,,,,,,,,,,,,,,,,,,,,,,,,,
DC 2B 2F 64 2F 6D,2F,F3,4,0,4B,0,42,,,,,,,,,,,,,,,,,,,,,,,,,,,,,,,
73 48 4D 07 4C C3,4C,3F,4,1,4B,0,8F,,,,,,,,,,,,,,,,,,,,,,,,,,,,,,,
DC 2B 2F 63 2F 6C,2F,F3,4,0,4C,0,43,,,,,,,,,,,,,,,,,,,,,,,,,,,,,,,
73 48 4D 00 4C DC,4C,3F,4,1,4C,0,90,,,,,,,,,,,,,,,,,,,,,,,,,,,,,,,
DC 2B 2F 62 2F 6B,2F,F3,4,0,4D,0,44,,,,,,,,,,,,,,,,,,,,,,,,,,,,,,,
73 48 4D 01 4C DD,4C,3F,4,1,4D,0,91,,,,,,,,,,,,,,,,,,,,,,,,,,,,,,,
23 47 4C 5A 4E 5A 52 1B 4A 94 4D 4C B0,4C,6F,0B,0,16,2,16,1E,57,6,D8,1,0,FC,,,,,,,,,,,,,,,,,,,,,,,,
DC 2B 2F 61 2F 6A,2F,F3,4,0,4E,0,45,,,,,,,,,,,,,,,,,,,,,,,,,,,,,,,
E5 DE DB 94 DA 48,DA,3F,4,1,4E,0,92,,,,,,,,,,,,,,,,,,,,,,,,,,,,,,,
DC 2B 2F 60 2F 69,2F,F3,4,0,4F,0,46,,,,,,,,,,,,,,,,,,,,,,,,,,,,,,,
E5 DE DB 95 DA 49,DA,3F,4,1,4F,0,93,,,,,,,,,,,,,,,,,,,,,,,,,,,,,,,
DC 2B 2F 7F 2F 68,2F,F3,4,0,50,0,47,,,,,,,,,,,,,,,,,,,,,,,,,,,,,,,
E5 DE DB 8A DA 4E,DA,3F,4,1,50,0,94,,,,,,,,,,,,,,,,,,,,,,,,,,,,,,,
DC 2B 2F 7E 2F 67,2F,F3,4,0,51,0,48,,,,,,,,,,,,,,,,,,,,,,,,,,,,,,,
E5 DE DB 8B DA 4F,DA,3F,4,1,51,0,95,,,,,,,,,,,,,,,,,,,,,,,,,,,,,,,
DC 2B 2F 7D 2F 66,2F,F3,4,0,52,0,49,,,,,,,,,,,,,,,,,,,,,,,,,,,,,,,
B5 D0 DA C8 CE D8 D1 D1 D3 C0 D8 06,DA,6F,0A,0,12,14,2,0B,0B,9,1A,2,DC,,,,,,,,,,,,,,,,,,,,,,,,,
DC 2B 2F 7C 2F 65,2F,F3,4,0,53,0,4A,,,,,,,,,,,,,,,,,,,,,,,,,,,,,,,
47 7C 79 2B 78 EF,78,3F,4,1,53,0,97,,,,,,,,,,,,,,,,,,,,,,,,,,,,,,,
DC 2B 2F 7B 2F 64,2F,F3,4,0,54,0,4B,,,,,,,,,,,,,,,,,,,,,,,,,,,,,,,
47 7C 79 2C 78 E0,78,3F,4,1,54,0,98,,,,,,,,,,,,,,,,,,,,,,,,,,,,,,,
DC 2B 2F 7A 2F 63,2F,F3,4,0,55,0,4C,,,,,,,,,,,,,,,,,,,,,,,,,,,,,,,
47 7C 79 2D 78 E1,78,3F,4,1,55,0,99,,,,,,,,,,,,,,,,,,,,,,,,,,,,,,,
DC 2B 2F 79 2F 62,2F,F3,4,0,56,0,4D,,,,,,,,,,,,,,,,,,,,,,,,,,,,,,,
47 7C 79 2E 78 E2,78,3F,4,1,56,0,9A,,,,,,,,,,,,,,,,,,,,,,,,,,,,,,,
DC 2B 2F 78 2F 61,2F,F3,4,0,57,0,4E,,,,,,,,,,,,,,,,,,,,,,,,,,,,,,,
47 7C 79 2F 78 E3,78,3F,4,1,57,0,9B,,,,,,,,,,,,,,,,,,,,,,,,,,,,,,,
17 73 78 6E 7A 6E 66 2F 7E A0 79 78 84,78,6F,0B,0,16,2,16,1E,57,6,D8,1,0,FC,,,,,,,,,,,,,,,,,,,,,,,,
DC 2B 2F 77 2F 60,2F,F3,4,0,58,0,4F,,,,,,,,,,,,,,,,,,,,,,,,,,,,,,,
EA D1 D4 8D D5 49,D5,3F,4,1,58,0,9C,,,,,,,,,,,,,,,,,,,,,,,,,,,,,,,
DC 2B 2F 76 2F 7F,2F,F3,4,0,59,0,50,,,,,,,,,,,,,,,,,,,,,,,,,,,,,,,
EA D1 D4 8C D5 48,D5,3F,4,1,59,0,9D,,,,,,,,,,,,,,,,,,,,,,,,,,,,,,,
DC 2B 2F 75 2F 7E,2F,F3,4,0,5A,0,51,,,,,,,,,,,,,,,,,,,,,,,,,,,,,,,
EA D1 D4 8F D5 4B,D5,3F,4,1,5A,0,9E,,,,,,,,,,,,,,,,,,,,,,,,,,,,,,,
DC 2B 2F 74 2F 7D,2F,F3,4,0,5B,0,52,,,,,,,,,,,,,,,,,,,,,,,,,,,,,,,
EA D1 D4 8E D5 4A,D5,3F,4,1,5B,0,9F,,,,,,,,,,,,,,,,,,,,,,,,,,,,,,,
DC 2B 2F 73 2F 7C,2F,F3,4,0,5C,0,53,,,,,,,,,,,,,,,,,,,,,,,,,,,,,,,
EA D1 D4 89 D5 75,D5,3F,4,1,5C,0,A0,,,,,,,,,,,,,,,,,,,,,,,,,,,,,,,
DC 2B 2F 72 2F 7B,2F,F3,4,0,5D,0,54,,,,,,,,,,,,,,,,,,,,,,,,,,,,,,,
BA DF D5 C7 C1 D7 DE DE DC CF D7 09,D5,6F,0A,0,12,14,2,0B,0B,9,1A,2,DC,,,,,,,,,,,,,,,,,,,,,,,,,
09 32 37 6B 36 97,36,3F,4,1,5D,0,A1,,,,,,,,,,,,,,,,,,,,,,,,,,,,,,,
DC 2B 2F 71 2F 7A,2F,F3,4,0,5E,0,55,,,,,,,,,,,,,,,,,,,,,,,,,,,,,,,
09 32 37 68 36 94,36,3F,4,1,5E,0,A2,,,,,,,,,,,,,,,,,,,,,,,,,,,,,,,
DC 2B 2F 70 2F 79,2F,F3,4,0,5F,0,56,,,,,,,,,,,,,,,,,,,,,,,,,,,,,,,
09 32 37 69 36 95,36,3F,4,1,5F,0,A3,,,,,,,,,,,,,,,,,,,,,,,,,,,,,,,
DC 2B 2F 4F 2F 78,2F,F3,4,0,60,0,57,,,,,,,,,,,,,,,,,,,,,,,,,,,,,,,
09 32 37 56 36 92,36,3F,4,1,60,0,A4,,,,,,,,,,,,,,,,,,,,,,,,,,,,,,,
DC 2B 2F 4E 2F 77,2F,F3,4,0,61,0,58,,,,,,,,,,,,,,,,,,,,,,,,,,,,,,,
09 32 37 57 36 93,36,3F,4,1,61,0,A5,,,,,,,,,,,,,,,,,,,,,,,,,,,,,,,
DC 2B 2F 4D 2F 76,2F,F3,4,0,62,0,59,,,,,,,,,,,,,,,,,,,,,,,,,,,,,,,
59 3D 36 20 34 20 28 61 30 EE 37 36 CA,36,6F,0B,0,16,2,16,1E,57,6,D8,1,0,FC,,,,,,,,,,,,,,,,,,,,,,,,
Invalid message BB 80 85 E6 84 22,,,,,,,,,,,,,,,,,,,,,,,,,,,,,,,,,,,,,,
DC 2B 2F 4C 2F 75,2F,F3,4,0,63,0,5A,,,,,,,,,,,,,,,,,,,,,,,,,,,,,,,
Invalid message BB 80 85 E7 84 23,,,,,,,,,,,,,,,,,,,,,,,,,,,,,,,,,,,,,,
DC 2B 2F 2F 2F D8,2F,F3,4,0,0,0,F7,,,,,,,,,,,,,,,,,,,,,,,,,,,,,,,
Invalid message BB 80 85 84 84 C0,,,,,,,,,,,,,,,,,,,,,,,,,,,,,,,,,,,,,,
DC 2B 2F 2E 2F D7,2F,F3,4,0,1,0,F8,,,,,,,,,,,,,,,,,,,,,,,,,,,,,,,
Invalid message BB 80 85 85 84 C1,,,,,,,,,,,,,,,,,,,,,,,,,,,,,,,,,,,,,,
DC 2B 2F 2D 2F D6,2F,F3,4,0,2,0,F9,,,,,,,,,,,,,,,,,,,,,,,,,,,,,,,
Invalid message BB 80 85 86 84 C2,,,,,,,,,,,,,,,,,,,,,,,,,,,,,,,,,,,,,,
DC 2B 2F 2C 2F D5,2F,F3,4,0,3,0,FA,,,,,,,,,,,,,,,,,,,,,,,,,,,,,,,
Invalid message BB 80 85 87 84 C3 EB 8E 84 96 90 86 8F 8F 8D 9E 86 58,,,,,,,,,,,,,,,,,,,,,,,,,,,,,,,,,,,,,,
DC 2B 2F 2B 2F D4,2F,F3,4,0,4,0,FB,,,,,,,,,,,,,,,,,,,,,,,,,,,,,,,
04 3F 3A 3F 3B 73,3B,3F,4,1,4,0,48,,,,,,,,,,,,,,,,,,,,,,,,,,,,,,,
DC 2B 2F 2A 2F D3,2F,F3,4,0,5,0,FC,,,,,,,,,,,,,,,,,,,,,,,,,,,,,,,
04 3F 3A 3E 3B 72,3B,3F,4,1,5,0,49,,,,,,,,,,,,,,,,,,,,,,,,,,,,,,,
DC 2B 2F 29 2F D2,2F,F3,4,0,6,0,FD,,,,,,,,,,,,,,,,,,,,,,,,,,,,,,,
04 3F 3A 3D 3B 71,3B,3F,4,1,6,0,4A,,,,,,,,,,,,,,,,,,,,,,,,,,,,,,,
DC 2B 2F 28 2F D1,2F,F3,4,0,7,0,FE,,,,,,,,,,,,,,,,,,,,,,,,,,,,,,,
04 3F 3A 3C 3B 70,3B,3F,4,1,7,0,4B,,,,,,,,,,,,,,,,,,,,,,,,,,,,,,,
DC 2B 2F 27 2F D0,2F,F3,4,0,8,0,FF,,,,,,,,,,,,,,,,,,,,,,,,,,,,,,,
04 3F 3A 33 3B 77,3B,3F,4,1,8,0,4C,,,,,,,,,,,,,,,,,,,,,,,,,,,,,,,
54 30 3B 2D 39 2D 25 6C 3D E3 3A 3B C7,3B,6F,0B,0,16,2,16,1E,57,6,D8,1,0,FC,,,,,,,,,,,,,,,,,,,,,,,,
DC 2B 2F 26 2F 2F,2F,F3,4,0,9,0,0,,,,,,,,,,,,,,,,,,,,,,,,,,,,,,,
33 08 0D 05 0C 41,0C,3F,4,1,9,0,4D,,,,,,,,,,,,,,,,,,,,,,,,,,,,,,,
DC 2B 2F 25 2F 2E,2F,F3,4,0,0A,0,1,,,,,,,,,,,,,,,,,,,,,,,,,,,,,,,
33 08 0D 06 0C 42,0C,3F,4,1,0A,0,4E,,,,,,,,,,,,,,,,,,,,,,,,,,,,,,,
DC 2B 2F 24 2F 2D,2F,F3,4,0,0B,0,2,,,,,,,,,,,,,,,,,,,,,,,,,,,,,,,
33 08 0D 07 0C 43,0C,3F,4,1,0B,0,4F,,,,,,,,,,,,,,,,,,,,,,,,,,,,,,,
DC 2B 2F 23 2F 2C,2F,F3,4,0,0C,0,3,,,,,,,,,,,,,,,,,,,,,,,,,,,,,,,
33 08 0D 00 0C 5C,0C,3F,4,1,0C,0,50,,,,,,,,,,,,,,,,,,,,,,,,,,,,,,,
DC 2B 2F 22 2F 2B,2F,F3,4,0,0D,0,4,,,,,,,,,,,,,,,,,,,,,,,,,,,,,,,
63 06 0C 1E 18 0E 07 07 05 16 0E D0,0C,6F,0A,0,12,14,2,0B,0B,9,1A,2,DC,,,,,,,,,,,,,,,,,,,,,,,,,
DC 2B 2F 21 2F 2A,2F,F3,4,0,0E,0,5,,,,,,,,,,,,,,,,,,,,,,,,,,,,,,,
DC 2B 2F 20 2F 29,2F,F3,4,0,0F,0,6,,,,,,,,,,,,,,,,,,,,,,,,,,,,,,,
7C 47 42 4C 43 10,43,3F,4,1,0F,0,53,,,,,,,,,,,,,,,,,,,,,,,,,,,,,,,
DC 2B 2F 3F 2F 28,2F,F3,4,0,10,0,7,,,,,,,,,,,,,,,,,,,,,,,,,,,,,,,
7C 47 42 53 43 17,43,3F,4,1,10,0,54,,,,,,,,,,,,,,,,,,,,,,,,,,,,,,,
DC 2B 2F 3E 2F 27,2F,F3,4,0,11,0,8,,,,,,,,,,,,,,,,,,,,,,,,,,,,,,,
7C 47 42 52 43 16,43,3F,4,1,11,0,55,,,,,,,,,,,,,,,,,,,,,,,,,,,,,,,
DC 2B 2F 3D 2F 26,2F,F3,4,0,12,0,9,,,,,,,,,,,,,,,,,,,,,,,,,,,,,,,
7C 47 42 51 43 15,43,3F,4,1,12,0,56,,,,,,,,,,,,,,,,,,,,,,,,,,,,,,,
2C 48 43 55 41 55 5D 14 45 9B 42 43 BF,43,6F,0B,0,16,2,16,1E,57,6,D8,1,0,FC,,,,,,,,,,,,,,,,,,,,,,,,
DC 2B 2F 3C 2F 25,2F,F3,4,0,13,0,0A,,,,,,,,,,,,,,,,,,,,,,,,,,,,,,,
95 AE AB B9 AA FD,AA,3F,4,1,13,0,57,,,,,,,,,,,,,,,,,,,,,,,,,,,,,,,
DC 2B 2F 3B 2F 24,2F,F3,4,0,14,0,0B,,,,,,,,,,,,,,,,,,,,,,,,,,,,,,,
95 AE AB BE AA F2,AA,3F,4,1,14,0,58,,,,,,,,,,,,,,,,,,,,,,,,,,,,,,,
DC 2B 2F 3A 2F 23,2F,F3,4,0,15,0,0C,,,,,,,,,,,,,,,,,,,,,,,,,,,,,,,
95 AE AB BF AA F3,AA,3F,4,1,15,0,59,,,,,,,,,,,,,,,,,,,,,,,,,,,,,,,
DC 2B 2F 39 2F 22,2F,F3,4,0,16,0,0D,,,,,,,,,,,,,,,,,,,,,,,,,,,,,,,
95 AE AB BC AA F0,AA,3F,4,1,16,0,5A,,,,,,,,,,,,,,,,,,,,,,,,,,,,,,,
DC 2B 2F 38 2F 21,2F,F3,4,0,17,0,0E,,,,,,,,,,,,,,,,,,,,,,,,,,,,,,,
95 AE AB BD AA F1,AA,3F,4,1,17,0,5B,,,,,,,,,,,,,,,,,,,,,,,,,,,,,,,
DC 2B 2F 37 2F 20,2F,F3,4,0,18,0,0F,,,,,,,,,,,,,,,,,,,,,,,,,,,,,,,
C5 A0 AA B8 BE A8 A1 A1 A3 B0 A8 76,AA,6F,0A,0,12,14,2,0B,0B,9,1A,2,DC,,,,,,,,,,,,,,,,,,,,,,,,,
30 0B 0E 17 0F 53,0F,3F,4,1,18,0,5C,,,,,,,,,,,,,,,,,,,,,,,,,,,,,,,
DC 2B 2F 36 2F 3F,2F,F3,4,0,19,0,10,,,,,,,,,,,,,,,,,,,,,,,,,,,,,,,
30 0B 0E 16 0F 52,0F,3F,4,1,19,0,5D,,,,,,,,,,,,,,,,,,,,,,,,,,,,,,,
DC 2B 2F 35 2F 3E,2F,F3,4,0,1A,0,11,,,,,,,,,,,,,,,,,,,,,,,,,,,,,,,
30 0B 0E 15 0F 51,0F,3F,4,1,1A,0,5E,,,,,,,,,,,,,,,,,,,,,,,,,,,,,,,
DC 2B 2F 34 2F 3D,2F,F3,4,0,1B,0,12,,,,,,,,,,,,,,,,,,,,,,,,,,,,,,,
30 0B 0E 14 0F 50,0F,3F,4,1,1B,0,5F,,,,,,,,,,,,,,,,,,,,,,,,,,,,,,,
DC 2B 2F 33 2F 3C,2F,F3,4,0,1C,0,13,,,,,,,,,,,,,,,,,,,,,,,,,,,,,,,
30 0B 0E 13 0F 6F,0F,3F,4,1,1C,0,60,,,,,,,,,,,,,,,,,,,,,,,,,,,,,,,
DC 2B 2F 32 2F 3B,2F,F3,4,0,1D,0,14,,,,,,,,,,,,,,,,,,,,,,,,,,,,,,,
30 0B 0E 12 0F 6E,0F,3F,4,1,1D,0,61,,,,,,,,,,,,,,,,,,,,,,,,,,,,,,,
60 04 0F 19 0D 19 11 58 09 D7 0E 0F F3,0F,6F,0B,0,16,2,16,1E,57,6,D8,1,0,FC,,,,,,,,,,,,,,,,,,,,,,,,
DC 2B 2F 31 2F 3A,2F,F3,4,0,1E,0,15,,,,,,,,,,,,,,,,,,,,,,,,,,,,,,,
57 6C 69 76 68 0A,68,3F,4,1,1E,0,62,,,,,,,,,,,,,,,,,,,,,,,,,,,,,,,
DC 2B 2F 30 2F 39,2F,F3,4,0,1F,0,16,,,,,,,,,,,,,,,,,,,,,,,,,,,,,,,
57 6C 69 77 68 0B,68,3F,4,1,1F,0,63,,,,,,,,,,,,,,,,,,,,,,,,,,,,,,,
DC 2B 2F 0F 2F 38,2F,F3,4,0,20,0,17,,,,,,,,,,,,,,,,,,,,,,,,,,,,,,,
57 6C 69 48 68 0C,68,3F,4,1,20,0,64,,,,,,,,,,,,,,,,,,,,,,,,,,,,,,,
DC 2B 2F 0E 2F 37,2F,F3,4,0,21,0,18,,,,,,,,,,,,,,,,,,,,,,,,,,,,,,,
57 6C 69 49 68 0D,68,3F,4,1,21,0,65,,,,,,,,,,,,,,,,,,,,,,,,,,,,,,,
DC 2B 2F 0D 2F 36,2F,F3,4,0,22,0,19,,,,,,,,,,,,,,,,,,,,,,,,,,,,,,,
57 6C 69 4A 68 0E,68,3F,4,1,22,0,66,,,,,,,,,,,,,,,,,,,,,,,,,,,,,,,
07 62 68 7A 7C 6A 63 63 61 72 6A B4,68,6F,0A,0,12,14,2,0B,0B,9,1A,2,DC,,,,,,,,,,,,,,,,,,,,,,,,,
DC 2B 2F 0C 2F 35,2F,F3,4,0,23,0,1A,,,,,,,,,,,,,,,,,,,,,,,,,,,,,,,
BA 81 84 A6 85 E2,85,3F,4,1,23,0,67,,,,,,,,,,,,,,,,,,,,,,,,,,,,,,,
DC 2B 2F 0B 2F 34,2F,F3,4,0,24,0,1B,,,,,,,,,,,,,,,,,,,,,,,,,,,,,,,
BA 81 84 A1 85 ED,85,3F,4,1,24,0,68,,,,,,,,,,,,,,,,,,,,,,,,,,,,,,,
DC 2B 2F 0A 2F 33,2F,F3,4,0,25,0,1C,,,,,,,,,,,,,,,,,,,,,,,,,,,,,,,
BA 81 84 A0 85 EC,85,3F,4,1,25,0,69,,,,,,,,,,,,,,,,,,,,,,,,,,,,,,,
DC 2B 2F 09 2F 32,2F,F3,4,0,26,0,1D,,,,,,,,,,,,,,,,,,,,,,,,,,,,,,,
BA 81 84 A3 85 EF,85,3F,4,1,26,0,6A,,,,,,,,,,,,,,,,,,,,,,,,,,,,,,,
DC 2B 2F 08 2F 31,2F,F3,4,0,27,0,1E,,,,,,,,,,,,,,,,,,,,,,,,,,,,,,,
BA 81 84 A2 85 EE,85,3F,4,1,27,0,6B,,,,,,,,,,,,,,,,,,,,,,,,,,,,,,,
EA 8E 85 93 87 93 9B D2 83 5D 84 85 79,85,6F,0B,0,16,2,16,1E,57,6,D8,1,0,FC,,,,,,,,,,,,,,,,,,,,,,,,
DC 2B 2F 07 2F 30,2F,F3,4,0,28,0,1F,,,,,,,,,,,,,,,,,,,,,,,,,,,,,,,
15 2E 2B 02 2A 46,2A,3F,4,1,28,0,6C,,,,,,,,,,,,,,,,,,,,,,,,,,,,,,,
DC 2B 2F 06 2F 0F,2F,F3,4,0,29,0,20,,,,,,,,,,,,,,,,,,,,,,,,,,,,,,,
15 2E 2B 03 2A 47,2A,3F,4,1,29,0,6D,,,,,,,,,,,,,,,,,,,,,,,,,,,,,,,
DC 2B 2F 05 2F 0E,2F,F3,4,0,2A,0,21,,,,,,,,,,,,,,,,,,,,,,,,,,,,,,,
15 2E 2B 00 2A 44,2A,3F,4,1,2A,0,6E,,,,,,,,,,,,,,,,,,,,,,,,,,,,,,,
DC 2B 2F 04 2F 0D,2F,F3,4,0,2B,0,22,,,,,,,,,,,,,,,,,,,,,,,,,,,,,,,
15 2E 2B 01 2A 45,2A,3F,4,1,2B,0,6F,,,,,,,,,,,,,,,,,,,,,,,,,,,,,,,
DC 2B 2F 03 2F 0C,2F,F3,4,0,2C,0,23,,,,,,,,,,,,,,,,,,,,,,,,,,,,,,,
15 2E 2B 06 2A 5A,2A,3F,4,1,2C,0,70,,,,,,,,,,,,,,,,,,,,,,,,,,,,,,,
45 20 2A 38 3E 28 21 21 23 30 28 F6,2A,6F,0A,0,12,14,2,0B,0B,9,1A,2,DC,,,,,,,,,,,,,,,,,,,,,,,,,
DC 2B 2F 02 2F 0B,2F,F3,4,0,2D,0,24,,,,,,,,,,,,,,,,,,,,,,,,,,,,,,,
DC 2B 2F 01 2F 0A,2F,F3,4,0,2E,0,25,,,,,,,,,,,,,,,,,,,,,,,,,,,,,,,
AC 97 92 BD 93 E1,93,3F,4,1,2E,0,72,,,,,,,,,,,,,,,,,,,,,,,,,,,,,,,
DC 2B 2F 00 2F 09,2F,F3,4,0,2F,0,26,,,,,,,,,,,,,,,,,,,,,,,,,,,,,,,
AC 97 92 BC 93 E0,93,3F,4,1,2F,0,73,,,,,,,,,,,,,,,,,,,,,,,,,,,,,,,